Started run local10_20261010T110710Z (run_id=20261010T110735Z_ndag-m-lab-linux-x86_64-7fa78ccc_run0019_245a4060) at 2026-10-10T11:07:35.199339+00:00
CUDA check: available=True; devices=['NVIDIA GeForce RTX 3090']; selected_device=cuda
{"batch_size": 8, "cache_dir": ".cache/lightdp_flower", "client_data_mode": "partitioned_cifar10", "client_update_clip": 1.0, "clip": 1.0, "cuda_available": true, "cuda_devices": ["NVIDIA GeForce RTX 3090"], "cuda_version": "12.8", "data_protocol": {"client_data_mode": "partitioned_cifar10", "client_train_fraction": 0.9, "dirichlet_alpha": null, "partition_method": "iid", "source_train_examples": 50000, "test_evaluated_each_round": false, "validation_evaluated_each_round": true, "validation_fraction": 0.1, "validation_selection": "deterministic class-stratified holdout"}, "dataset": {"name": "CIFAR-10", "source": "https://www.cs.toronto.edu/~kriz/cifar.html", "test_examples": 10000, "train_examples": 50000}, "delta": 1e-05, "dependencies": {"flwr": "1.25.0", "matplotlib": "3.11.2", "numpy": "2.5.2", "pandas": "3.0.6", "scikit-image": "0.26.0", "scipy": "1.18.1", "torch": "2.8.0+cu128", "torchvision": "0.23.0+cu128"}, "device": "cuda", "dirichlet_alpha": 0.5, "epsilon": 6.0, "feature_batch": 128, "fraction_fit": 1.0, "git_revision": "afdb5a9e15bdfa0d97b761932f021c56556f54ae", "git_track_results": true, "git_worktree_dirty": true, "hostname": "NDAG-M-Lab", "image_size": 224, "local_epochs": 1, "local_learning_rate": 0.01, "local_momentum": 0.9, "machine_architecture": "x86_64", "machine_id": "ndag-m-lab-linux-x86_64-7fa78ccc", "max_colluders": 1, "max_records_per_client": 5, "max_stragglers": 1, "method": "vanilla_dp", "model_definition": {"backbone_frozen": true, "name": "HybridClassifier", "trainable_parameters": "CNN branch and classifier head"}, "num_clients": 10, "num_server_rounds": 10, "output_dir": "results/experiments", "partition_method": "iid", "platform": "Linux-7.0.0-38-generic-x86_64-with-glibc2.39", "pretrained_backbone": "torchvision ResNet18_Weights.IMAGENET1K_V1", "processor": "x86_64", "python": "3.12.2", "result_schema_version": 2, "resume": false, "run_id": "20261010T110735Z_ndag-m-lab-linux-x86_64-7fa78ccc_run0019_245a4060", "run_number": 19, "seed": 2026, "selected_device": "cuda", "simulate_stragglers": false, "started_at_utc": "2026-10-10T11:07:35.199339+00:00", "tag": "local10_20261010T110710Z", "training_algorithm": "fedavg", "use_pretrained": true, "validation_fraction": 0.1}
2026-10-10T11:07:41.148913+00:00 [local10_20261010T110710Z] round=0 val_loss=2.303185 val_accuracy=10.06% epsilon=0 progress=0/10 ETA=estimating
2026-10-10T11:07:47.226549+00:00 [clients] round 1/10 [#############-----------]  57.1% microbatches=4/7 clients_done=4/10 clients_started=7/10
2026-10-10T11:07:50.335936+00:00 [local10_20261010T110710Z] round=1 val_loss=4.114539 val_accuracy=7.64% epsilon=1.76181 progress=1/10 avg_round=9.3s ETA~00:01:24
2026-10-10T11:07:57.237767+00:00 [clients] round 2/10 [########################] 100.0% microbatches=8/8 clients_done=8/10 clients_started=8/10
2026-10-10T11:08:07.239554+00:00 [clients] round 2/10 [########################] 100.0% microbatches=8/8 clients_done=8/10 clients_started=8/10
2026-10-10T11:08:17.241186+00:00 [clients] round 2/10 [########################] 100.0% microbatches=8/8 clients_done=8/10 clients_started=8/10
2026-10-10T11:08:27.242930+00:00 [clients] round 2/10 [########################] 100.0% microbatches=8/8 clients_done=8/10 clients_started=8/10
2026-10-10T11:08:37.245013+00:00 [clients] round 2/10 [########################] 100.0% microbatches=8/8 clients_done=8/10 clients_started=8/10
2026-10-10T11:08:47.246926+00:00 [clients] round 2/10 [########################] 100.0% microbatches=8/8 clients_done=8/10 clients_started=8/10
2026-10-10T11:08:57.248826+00:00 [clients] round 2/10 [########################] 100.0% microbatches=8/8 clients_done=8/10 clients_started=8/10
2026-10-10T11:09:07.250760+00:00 [clients] round 2/10 [########################] 100.0% microbatches=8/8 clients_done=8/10 clients_started=8/10
2026-10-10T11:09:17.252640+00:00 [clients] round 2/10 [########################] 100.0% microbatches=8/8 clients_done=8/10 clients_started=8/10
2026-10-10T11:09:27.254654+00:00 [clients] round 2/10 [########################] 100.0% microbatches=8/8 clients_done=8/10 clients_started=8/10
2026-10-10T11:09:37.256467+00:00 [clients] round 2/10 [########################] 100.0% microbatches=8/8 clients_done=8/10 clients_started=8/10
2026-10-10T11:09:47.258096+00:00 [clients] round 2/10 [########################] 100.0% microbatches=8/8 clients_done=8/10 clients_started=8/10
2026-10-10T11:09:57.259887+00:00 [clients] round 2/10 [########################] 100.0% microbatches=8/8 clients_done=8/10 clients_started=8/10
2026-10-10T11:10:07.261537+00:00 [clients] round 2/10 [########################] 100.0% microbatches=8/8 clients_done=8/10 clients_started=8/10
2026-10-10T11:10:17.263327+00:00 [clients] round 2/10 [########################] 100.0% microbatches=8/8 clients_done=8/10 clients_started=8/10
2026-10-10T11:10:27.264921+00:00 [clients] round 2/10 [########################] 100.0% microbatches=8/8 clients_done=8/10 clients_started=8/10
2026-10-10T11:10:37.266567+00:00 [clients] round 2/10 [########################] 100.0% microbatches=8/8 clients_done=8/10 clients_started=8/10
2026-10-10T11:10:47.268263+00:00 [clients] round 2/10 [########################] 100.0% microbatches=8/8 clients_done=8/10 clients_started=8/10
2026-10-10T11:10:57.269963+00:00 [clients] round 2/10 [########################] 100.0% microbatches=8/8 clients_done=8/10 clients_started=8/10
2026-10-10T11:11:07.271606+00:00 [clients] round 2/10 [########################] 100.0% microbatches=8/8 clients_done=8/10 clients_started=8/10
2026-10-10T11:11:17.273280+00:00 [clients] round 2/10 [########################] 100.0% microbatches=8/8 clients_done=8/10 clients_started=8/10
2026-10-10T11:11:27.275033+00:00 [clients] round 2/10 [########################] 100.0% microbatches=8/8 clients_done=8/10 clients_started=8/10
2026-10-10T11:11:37.276788+00:00 [clients] round 2/10 [########################] 100.0% microbatches=8/8 clients_done=8/10 clients_started=8/10
2026-10-10T11:11:47.278555+00:00 [clients] round 2/10 [########################] 100.0% microbatches=8/8 clients_done=8/10 clients_started=8/10
2026-10-10T11:11:57.280300+00:00 [clients] round 2/10 [########################] 100.0% microbatches=8/8 clients_done=8/10 clients_started=8/10
2026-10-10T11:12:07.282020+00:00 [clients] round 2/10 [########################] 100.0% microbatches=8/8 clients_done=8/10 clients_started=8/10
2026-10-10T11:12:17.292372+00:00 [clients] round 2/10 [########################] 100.0% microbatches=8/8 clients_done=8/10 clients_started=8/10
2026-10-10T11:12:27.294023+00:00 [clients] round 2/10 [########################] 100.0% microbatches=8/8 clients_done=8/10 clients_started=8/10
2026-10-10T11:12:37.295657+00:00 [clients] round 2/10 [########################] 100.0% microbatches=8/8 clients_done=8/10 clients_started=8/10
2026-10-10T11:12:47.297376+00:00 [clients] round 2/10 [########################] 100.0% microbatches=8/8 clients_done=8/10 clients_started=8/10
2026-10-10T11:12:57.299040+00:00 [clients] round 2/10 [########################] 100.0% microbatches=8/8 clients_done=8/10 clients_started=8/10
2026-10-10T11:13:07.300867+00:00 [clients] round 2/10 [########################] 100.0% microbatches=8/8 clients_done=8/10 clients_started=8/10
2026-10-10T11:13:17.302543+00:00 [clients] round 2/10 [########################] 100.0% microbatches=8/8 clients_done=8/10 clients_started=8/10
2026-10-10T11:13:27.304128+00:00 [clients] round 2/10 [########################] 100.0% microbatches=8/8 clients_done=8/10 clients_started=8/10
2026-10-10T11:13:37.305896+00:00 [clients] round 2/10 [########################] 100.0% microbatches=8/8 clients_done=8/10 clients_started=8/10
2026-10-10T11:13:47.307681+00:00 [clients] round 2/10 [########################] 100.0% microbatches=8/8 clients_done=8/10 clients_started=8/10
2026-10-10T11:13:57.309406+00:00 [clients] round 2/10 [########################] 100.0% microbatches=8/8 clients_done=8/10 clients_started=8/10
2026-10-10T11:14:07.311108+00:00 [clients] round 2/10 [########################] 100.0% microbatches=8/8 clients_done=8/10 clients_started=8/10
2026-10-10T11:14:17.312824+00:00 [clients] round 2/10 [########################] 100.0% microbatches=8/8 clients_done=8/10 clients_started=8/10
2026-10-10T11:14:27.314425+00:00 [clients] round 2/10 [########################] 100.0% microbatches=8/8 clients_done=8/10 clients_started=8/10
2026-10-10T11:14:37.316134+00:00 [clients] round 2/10 [########################] 100.0% microbatches=8/8 clients_done=8/10 clients_started=8/10
2026-10-10T11:14:47.317728+00:00 [clients] round 2/10 [########################] 100.0% microbatches=8/8 clients_done=8/10 clients_started=8/10
2026-10-10T11:14:57.319534+00:00 [clients] round 2/10 [########################] 100.0% microbatches=8/8 clients_done=8/10 clients_started=8/10
2026-10-10T11:15:07.321252+00:00 [clients] round 2/10 [########################] 100.0% microbatches=8/8 clients_done=8/10 clients_started=8/10
2026-10-10T11:15:17.322939+00:00 [clients] round 2/10 [########################] 100.0% microbatches=8/8 clients_done=8/10 clients_started=8/10
2026-10-10T11:15:27.324750+00:00 [clients] round 2/10 [########################] 100.0% microbatches=8/8 clients_done=8/10 clients_started=8/10
2026-10-10T11:15:37.326442+00:00 [clients] round 2/10 [########################] 100.0% microbatches=8/8 clients_done=8/10 clients_started=8/10
2026-10-10T11:15:47.328140+00:00 [clients] round 2/10 [########################] 100.0% microbatches=8/8 clients_done=8/10 clients_started=8/10
2026-10-10T11:15:57.329782+00:00 [clients] round 2/10 [########################] 100.0% microbatches=8/8 clients_done=8/10 clients_started=8/10
2026-10-10T11:16:07.331406+00:00 [clients] round 2/10 [########################] 100.0% microbatches=8/8 clients_done=8/10 clients_started=8/10
2026-10-10T11:16:17.333300+00:00 [clients] round 2/10 [########################] 100.0% microbatches=8/8 clients_done=8/10 clients_started=8/10
2026-10-10T11:16:27.334873+00:00 [clients] round 2/10 [########################] 100.0% microbatches=8/8 clients_done=8/10 clients_started=8/10
2026-10-10T11:16:37.336455+00:00 [clients] round 2/10 [########################] 100.0% microbatches=8/8 clients_done=8/10 clients_started=8/10
2026-10-10T11:16:47.338029+00:00 [clients] round 2/10 [########################] 100.0% microbatches=8/8 clients_done=8/10 clients_started=8/10
2026-10-10T11:16:57.339653+00:00 [clients] round 2/10 [########################] 100.0% microbatches=8/8 clients_done=8/10 clients_started=8/10
2026-10-10T11:17:07.341401+00:00 [clients] round 2/10 [########################] 100.0% microbatches=8/8 clients_done=8/10 clients_started=8/10
2026-10-10T11:17:17.343238+00:00 [clients] round 2/10 [########################] 100.0% microbatches=8/8 clients_done=8/10 clients_started=8/10
2026-10-10T11:17:27.345025+00:00 [clients] round 2/10 [########################] 100.0% microbatches=8/8 clients_done=8/10 clients_started=8/10
2026-10-10T11:17:37.346689+00:00 [clients] round 2/10 [########################] 100.0% microbatches=8/8 clients_done=8/10 clients_started=8/10
2026-10-10T11:17:47.348407+00:00 [clients] round 2/10 [########################] 100.0% microbatches=8/8 clients_done=8/10 clients_started=8/10
2026-10-10T11:17:57.350232+00:00 [clients] round 2/10 [########################] 100.0% microbatches=8/8 clients_done=8/10 clients_started=8/10
2026-10-10T11:18:07.351942+00:00 [clients] round 2/10 [########################] 100.0% microbatches=8/8 clients_done=8/10 clients_started=8/10
2026-10-10T11:18:17.353587+00:00 [clients] round 2/10 [########################] 100.0% microbatches=8/8 clients_done=8/10 clients_started=8/10
2026-10-10T11:18:27.355420+00:00 [clients] round 2/10 [########################] 100.0% microbatches=8/8 clients_done=8/10 clients_started=8/10
2026-10-10T11:18:37.357130+00:00 [clients] round 2/10 [########################] 100.0% microbatches=8/8 clients_done=8/10 clients_started=8/10
2026-10-10T11:18:47.358739+00:00 [clients] round 2/10 [########################] 100.0% microbatches=8/8 clients_done=8/10 clients_started=8/10
2026-10-10T11:18:57.360319+00:00 [clients] round 2/10 [########################] 100.0% microbatches=8/8 clients_done=8/10 clients_started=8/10
2026-10-10T11:19:07.362158+00:00 [clients] round 2/10 [########################] 100.0% microbatches=8/8 clients_done=8/10 clients_started=8/10
2026-10-10T11:19:17.363853+00:00 [clients] round 2/10 [########################] 100.0% microbatches=8/8 clients_done=8/10 clients_started=8/10
2026-10-10T11:19:27.365533+00:00 [clients] round 2/10 [########################] 100.0% microbatches=8/8 clients_done=8/10 clients_started=8/10
2026-10-10T11:19:37.367235+00:00 [clients] round 2/10 [########################] 100.0% microbatches=8/8 clients_done=8/10 clients_started=8/10
2026-10-10T11:19:47.369004+00:00 [clients] round 2/10 [########################] 100.0% microbatches=8/8 clients_done=8/10 clients_started=8/10
2026-10-10T11:19:57.370635+00:00 [clients] round 2/10 [########################] 100.0% microbatches=8/8 clients_done=8/10 clients_started=8/10
2026-10-10T11:20:07.372474+00:00 [clients] round 2/10 [########################] 100.0% microbatches=8/8 clients_done=8/10 clients_started=8/10
2026-10-10T11:20:17.374169+00:00 [clients] round 2/10 [########################] 100.0% microbatches=8/8 clients_done=8/10 clients_started=8/10
2026-10-10T11:20:27.375990+00:00 [clients] round 2/10 [########################] 100.0% microbatches=8/8 clients_done=8/10 clients_started=8/10
2026-10-10T11:20:37.377619+00:00 [clients] round 2/10 [########################] 100.0% microbatches=8/8 clients_done=8/10 clients_started=8/10
2026-10-10T11:20:47.379337+00:00 [clients] round 2/10 [########################] 100.0% microbatches=8/8 clients_done=8/10 clients_started=8/10
2026-10-10T11:20:57.381045+00:00 [clients] round 2/10 [########################] 100.0% microbatches=8/8 clients_done=8/10 clients_started=8/10
2026-10-10T11:21:07.383323+00:00 [clients] round 2/10 [########################] 100.0% microbatches=8/8 clients_done=8/10 clients_started=8/10
2026-10-10T11:21:17.385961+00:00 [clients] round 2/10 [########################] 100.0% microbatches=8/8 clients_done=8/10 clients_started=8/10
2026-10-10T11:21:27.388052+00:00 [clients] round 2/10 [########################] 100.0% microbatches=8/8 clients_done=8/10 clients_started=8/10
2026-10-10T11:21:37.389717+00:00 [clients] round 2/10 [########################] 100.0% microbatches=8/8 clients_done=8/10 clients_started=8/10
2026-10-10T11:21:47.391398+00:00 [clients] round 2/10 [########################] 100.0% microbatches=8/8 clients_done=8/10 clients_started=8/10
2026-10-10T11:21:57.393140+00:00 [clients] round 2/10 [########################] 100.0% microbatches=8/8 clients_done=8/10 clients_started=8/10
2026-10-10T11:22:07.394937+00:00 [clients] round 2/10 [########################] 100.0% microbatches=8/8 clients_done=8/10 clients_started=8/10
2026-10-10T11:22:17.396706+00:00 [clients] round 2/10 [########################] 100.0% microbatches=8/8 clients_done=8/10 clients_started=8/10
2026-10-10T11:22:27.398435+00:00 [clients] round 2/10 [########################] 100.0% microbatches=8/8 clients_done=8/10 clients_started=8/10
2026-10-10T11:22:37.400127+00:00 [clients] round 2/10 [########################] 100.0% microbatches=8/8 clients_done=8/10 clients_started=8/10
2026-10-10T11:22:47.401914+00:00 [clients] round 2/10 [########################] 100.0% microbatches=8/8 clients_done=8/10 clients_started=8/10
2026-10-10T11:22:57.403542+00:00 [clients] round 2/10 [########################] 100.0% microbatches=8/8 clients_done=8/10 clients_started=8/10
2026-10-10T11:23:07.405155+00:00 [clients] round 2/10 [########################] 100.0% microbatches=8/8 clients_done=8/10 clients_started=8/10
2026-10-10T11:23:17.406821+00:00 [clients] round 2/10 [########################] 100.0% microbatches=8/8 clients_done=8/10 clients_started=8/10
2026-10-10T11:23:27.408563+00:00 [clients] round 2/10 [########################] 100.0% microbatches=8/8 clients_done=8/10 clients_started=8/10
2026-10-10T11:23:37.410310+00:00 [clients] round 2/10 [########################] 100.0% microbatches=8/8 clients_done=8/10 clients_started=8/10
2026-10-10T11:23:47.412535+00:00 [clients] round 2/10 [########################] 100.0% microbatches=8/8 clients_done=8/10 clients_started=8/10
2026-10-10T11:23:57.414202+00:00 [clients] round 2/10 [########################] 100.0% microbatches=8/8 clients_done=8/10 clients_started=8/10
2026-10-10T11:24:07.415855+00:00 [clients] round 2/10 [########################] 100.0% microbatches=8/8 clients_done=8/10 clients_started=8/10
2026-10-10T11:24:17.417522+00:00 [clients] round 2/10 [########################] 100.0% microbatches=8/8 clients_done=8/10 clients_started=8/10
2026-10-10T11:24:27.419400+00:00 [clients] round 2/10 [########################] 100.0% microbatches=8/8 clients_done=8/10 clients_started=8/10
2026-10-10T11:24:37.421064+00:00 [clients] round 2/10 [########################] 100.0% microbatches=8/8 clients_done=8/10 clients_started=8/10
2026-10-10T11:24:47.422817+00:00 [clients] round 2/10 [########################] 100.0% microbatches=8/8 clients_done=8/10 clients_started=8/10
2026-10-10T11:24:57.424455+00:00 [clients] round 2/10 [########################] 100.0% microbatches=8/8 clients_done=8/10 clients_started=8/10
2026-10-10T11:25:07.426160+00:00 [clients] round 2/10 [########################] 100.0% microbatches=8/8 clients_done=8/10 clients_started=8/10
2026-10-10T11:25:17.427818+00:00 [clients] round 2/10 [########################] 100.0% microbatches=8/8 clients_done=8/10 clients_started=8/10
2026-10-10T11:25:27.429503+00:00 [clients] round 2/10 [########################] 100.0% microbatches=8/8 clients_done=8/10 clients_started=8/10
2026-10-10T11:25:37.431071+00:00 [clients] round 2/10 [########################] 100.0% microbatches=8/8 clients_done=8/10 clients_started=8/10
2026-10-10T11:25:47.432924+00:00 [clients] round 2/10 [########################] 100.0% microbatches=8/8 clients_done=8/10 clients_started=8/10
2026-10-10T11:25:57.434532+00:00 [clients] round 2/10 [########################] 100.0% microbatches=8/8 clients_done=8/10 clients_started=8/10
2026-10-10T11:26:07.436118+00:00 [clients] round 2/10 [########################] 100.0% microbatches=8/8 clients_done=8/10 clients_started=8/10
2026-10-10T11:26:17.437704+00:00 [clients] round 2/10 [########################] 100.0% microbatches=8/8 clients_done=8/10 clients_started=8/10
2026-10-10T11:26:27.439314+00:00 [clients] round 2/10 [########################] 100.0% microbatches=8/8 clients_done=8/10 clients_started=8/10
2026-10-10T11:26:37.441149+00:00 [clients] round 2/10 [########################] 100.0% microbatches=8/8 clients_done=8/10 clients_started=8/10
2026-10-10T11:26:47.442733+00:00 [clients] round 2/10 [########################] 100.0% microbatches=8/8 clients_done=8/10 clients_started=8/10
2026-10-10T11:26:57.444344+00:00 [clients] round 2/10 [########################] 100.0% microbatches=8/8 clients_done=8/10 clients_started=8/10
2026-10-10T11:27:07.445901+00:00 [clients] round 2/10 [########################] 100.0% microbatches=8/8 clients_done=8/10 clients_started=8/10
2026-10-10T11:27:17.447626+00:00 [clients] round 2/10 [########################] 100.0% microbatches=8/8 clients_done=8/10 clients_started=8/10
2026-10-10T11:27:27.449233+00:00 [clients] round 2/10 [########################] 100.0% microbatches=8/8 clients_done=8/10 clients_started=8/10
2026-10-10T11:27:37.450888+00:00 [clients] round 2/10 [########################] 100.0% microbatches=8/8 clients_done=8/10 clients_started=8/10
2026-10-10T11:27:47.452483+00:00 [clients] round 2/10 [########################] 100.0% microbatches=8/8 clients_done=8/10 clients_started=8/10
2026-10-10T11:27:57.454166+00:00 [clients] round 2/10 [########################] 100.0% microbatches=8/8 clients_done=8/10 clients_started=8/10
2026-10-10T11:28:07.455758+00:00 [clients] round 2/10 [########################] 100.0% microbatches=8/8 clients_done=8/10 clients_started=8/10
2026-10-10T11:28:17.457345+00:00 [clients] round 2/10 [########################] 100.0% microbatches=8/8 clients_done=8/10 clients_started=8/10
2026-10-10T11:28:27.458944+00:00 [clients] round 2/10 [########################] 100.0% microbatches=8/8 clients_done=8/10 clients_started=8/10
2026-10-10T11:28:37.460716+00:00 [clients] round 2/10 [########################] 100.0% microbatches=8/8 clients_done=8/10 clients_started=8/10
2026-10-10T11:28:47.469511+00:00 [clients] round 2/10 [########################] 100.0% microbatches=8/8 clients_done=8/10 clients_started=8/10
2026-10-10T11:28:57.471121+00:00 [clients] round 2/10 [########################] 100.0% microbatches=8/8 clients_done=8/10 clients_started=8/10
2026-10-10T11:29:07.472701+00:00 [clients] round 2/10 [########################] 100.0% microbatches=8/8 clients_done=8/10 clients_started=8/10
2026-10-10T11:29:17.474407+00:00 [clients] round 2/10 [########################] 100.0% microbatches=8/8 clients_done=8/10 clients_started=8/10
2026-10-10T11:29:27.476085+00:00 [clients] round 2/10 [########################] 100.0% microbatches=8/8 clients_done=8/10 clients_started=8/10
2026-10-10T11:29:37.477739+00:00 [clients] round 2/10 [########################] 100.0% microbatches=8/8 clients_done=8/10 clients_started=8/10
2026-10-10T11:29:47.479371+00:00 [clients] round 2/10 [########################] 100.0% microbatches=8/8 clients_done=8/10 clients_started=8/10
2026-10-10T11:29:57.480998+00:00 [clients] round 2/10 [########################] 100.0% microbatches=8/8 clients_done=8/10 clients_started=8/10
2026-10-10T11:30:07.482699+00:00 [clients] round 2/10 [########################] 100.0% microbatches=8/8 clients_done=8/10 clients_started=8/10
2026-10-10T11:30:17.484414+00:00 [clients] round 2/10 [########################] 100.0% microbatches=8/8 clients_done=8/10 clients_started=8/10
2026-10-10T11:30:27.486011+00:00 [clients] round 2/10 [########################] 100.0% microbatches=8/8 clients_done=8/10 clients_started=8/10
2026-10-10T11:30:37.487596+00:00 [clients] round 2/10 [########################] 100.0% microbatches=8/8 clients_done=8/10 clients_started=8/10
2026-10-10T11:30:47.489182+00:00 [clients] round 2/10 [########################] 100.0% microbatches=8/8 clients_done=8/10 clients_started=8/10
2026-10-10T11:30:57.490941+00:00 [clients] round 2/10 [########################] 100.0% microbatches=8/8 clients_done=8/10 clients_started=8/10
2026-10-10T11:31:07.492622+00:00 [clients] round 2/10 [########################] 100.0% microbatches=8/8 clients_done=8/10 clients_started=8/10
2026-10-10T11:31:17.494259+00:00 [clients] round 2/10 [########################] 100.0% microbatches=8/8 clients_done=8/10 clients_started=8/10
2026-10-10T11:31:27.495984+00:00 [clients] round 2/10 [########################] 100.0% microbatches=8/8 clients_done=8/10 clients_started=8/10
2026-10-10T11:31:37.497790+00:00 [clients] round 2/10 [########################] 100.0% microbatches=8/8 clients_done=8/10 clients_started=8/10
2026-10-10T11:31:47.499452+00:00 [clients] round 2/10 [########################] 100.0% microbatches=8/8 clients_done=8/10 clients_started=8/10
2026-10-10T11:31:57.509606+00:00 [clients] round 2/10 [########################] 100.0% microbatches=8/8 clients_done=8/10 clients_started=8/10
2026-10-10T11:32:07.511310+00:00 [clients] round 2/10 [########################] 100.0% microbatches=8/8 clients_done=8/10 clients_started=8/10
2026-10-10T11:32:17.517909+00:00 [clients] round 2/10 [########################] 100.0% microbatches=8/8 clients_done=8/10 clients_started=8/10
2026-10-10T11:32:27.519488+00:00 [clients] round 2/10 [########################] 100.0% microbatches=8/8 clients_done=8/10 clients_started=8/10
2026-10-10T11:32:37.521053+00:00 [clients] round 2/10 [########################] 100.0% microbatches=8/8 clients_done=8/10 clients_started=8/10
2026-10-10T11:32:47.522639+00:00 [clients] round 2/10 [########################] 100.0% microbatches=8/8 clients_done=8/10 clients_started=8/10
2026-10-10T11:32:57.524485+00:00 [clients] round 2/10 [########################] 100.0% microbatches=8/8 clients_done=8/10 clients_started=8/10
2026-10-10T11:33:07.526247+00:00 [clients] round 2/10 [########################] 100.0% microbatches=8/8 clients_done=8/10 clients_started=8/10
2026-10-10T11:33:17.528363+00:00 [clients] round 2/10 [########################] 100.0% microbatches=8/8 clients_done=8/10 clients_started=8/10
2026-10-10T11:33:27.530159+00:00 [clients] round 2/10 [########################] 100.0% microbatches=8/8 clients_done=8/10 clients_started=8/10
2026-10-10T11:33:37.531853+00:00 [clients] round 2/10 [########################] 100.0% microbatches=8/8 clients_done=8/10 clients_started=8/10
2026-10-10T11:33:47.533567+00:00 [clients] round 2/10 [########################] 100.0% microbatches=8/8 clients_done=8/10 clients_started=8/10
2026-10-10T11:33:57.535264+00:00 [clients] round 2/10 [########################] 100.0% microbatches=8/8 clients_done=8/10 clients_started=8/10
2026-10-10T11:34:07.536948+00:00 [clients] round 2/10 [########################] 100.0% microbatches=8/8 clients_done=8/10 clients_started=8/10
2026-10-10T11:34:17.538595+00:00 [clients] round 2/10 [########################] 100.0% microbatches=8/8 clients_done=8/10 clients_started=8/10
2026-10-10T11:34:27.540303+00:00 [clients] round 2/10 [########################] 100.0% microbatches=8/8 clients_done=8/10 clients_started=8/10
2026-10-10T11:34:37.541954+00:00 [clients] round 2/10 [########################] 100.0% microbatches=8/8 clients_done=8/10 clients_started=8/10
2026-10-10T11:34:47.543524+00:00 [clients] round 2/10 [########################] 100.0% microbatches=8/8 clients_done=8/10 clients_started=8/10
2026-10-10T11:34:57.545219+00:00 [clients] round 2/10 [########################] 100.0% microbatches=8/8 clients_done=8/10 clients_started=8/10
2026-10-10T11:35:07.546933+00:00 [clients] round 2/10 [########################] 100.0% microbatches=8/8 clients_done=8/10 clients_started=8/10
2026-10-10T11:35:17.557064+00:00 [clients] round 2/10 [########################] 100.0% microbatches=8/8 clients_done=8/10 clients_started=8/10
2026-10-10T11:35:27.558790+00:00 [clients] round 2/10 [########################] 100.0% microbatches=8/8 clients_done=8/10 clients_started=8/10
2026-10-10T11:35:37.560393+00:00 [clients] round 2/10 [########################] 100.0% microbatches=8/8 clients_done=8/10 clients_started=8/10
2026-10-10T11:35:47.561970+00:00 [clients] round 2/10 [########################] 100.0% microbatches=8/8 clients_done=8/10 clients_started=8/10
2026-10-10T11:35:57.563538+00:00 [clients] round 2/10 [########################] 100.0% microbatches=8/8 clients_done=8/10 clients_started=8/10
2026-10-10T11:36:07.565351+00:00 [clients] round 2/10 [########################] 100.0% microbatches=8/8 clients_done=8/10 clients_started=8/10
2026-10-10T11:36:17.566991+00:00 [clients] round 2/10 [########################] 100.0% microbatches=8/8 clients_done=8/10 clients_started=8/10
2026-10-10T11:36:27.568726+00:00 [clients] round 2/10 [########################] 100.0% microbatches=8/8 clients_done=8/10 clients_started=8/10
2026-10-10T11:36:37.570338+00:00 [clients] round 2/10 [########################] 100.0% microbatches=8/8 clients_done=8/10 clients_started=8/10
2026-10-10T11:36:47.572075+00:00 [clients] round 2/10 [########################] 100.0% microbatches=8/8 clients_done=8/10 clients_started=8/10
2026-10-10T11:36:57.573665+00:00 [clients] round 2/10 [########################] 100.0% microbatches=8/8 clients_done=8/10 clients_started=8/10
2026-10-10T11:37:07.575293+00:00 [clients] round 2/10 [########################] 100.0% microbatches=8/8 clients_done=8/10 clients_started=8/10
2026-10-10T11:37:17.576841+00:00 [clients] round 2/10 [########################] 100.0% microbatches=8/8 clients_done=8/10 clients_started=8/10
2026-10-10T11:37:27.578745+00:00 [clients] round 2/10 [########################] 100.0% microbatches=8/8 clients_done=8/10 clients_started=8/10
2026-10-10T11:37:37.580476+00:00 [clients] round 2/10 [########################] 100.0% microbatches=8/8 clients_done=8/10 clients_started=8/10
2026-10-10T11:37:47.582091+00:00 [clients] round 2/10 [########################] 100.0% microbatches=8/8 clients_done=8/10 clients_started=8/10
2026-10-10T11:37:57.583701+00:00 [clients] round 2/10 [########################] 100.0% microbatches=8/8 clients_done=8/10 clients_started=8/10
2026-10-10T11:38:07.585556+00:00 [clients] round 2/10 [########################] 100.0% microbatches=8/8 clients_done=8/10 clients_started=8/10
2026-10-10T11:38:17.587169+00:00 [clients] round 2/10 [########################] 100.0% microbatches=8/8 clients_done=8/10 clients_started=8/10
2026-10-10T11:38:27.588796+00:00 [clients] round 2/10 [########################] 100.0% microbatches=8/8 clients_done=8/10 clients_started=8/10
2026-10-10T11:38:37.590497+00:00 [clients] round 2/10 [########################] 100.0% microbatches=8/8 clients_done=8/10 clients_started=8/10
2026-10-10T11:38:47.592146+00:00 [clients] round 2/10 [########################] 100.0% microbatches=8/8 clients_done=8/10 clients_started=8/10
2026-10-10T11:38:57.593757+00:00 [clients] round 2/10 [########################] 100.0% microbatches=8/8 clients_done=8/10 clients_started=8/10
2026-10-10T11:39:07.595359+00:00 [clients] round 2/10 [########################] 100.0% microbatches=8/8 clients_done=8/10 clients_started=8/10
2026-10-10T11:39:17.597146+00:00 [clients] round 2/10 [########################] 100.0% microbatches=8/8 clients_done=8/10 clients_started=8/10
2026-10-10T11:39:27.598891+00:00 [clients] round 2/10 [########################] 100.0% microbatches=8/8 clients_done=8/10 clients_started=8/10
2026-10-10T11:39:37.600737+00:00 [clients] round 2/10 [########################] 100.0% microbatches=8/8 clients_done=8/10 clients_started=8/10
2026-10-10T11:39:47.610823+00:00 [clients] round 2/10 [########################] 100.0% microbatches=8/8 clients_done=8/10 clients_started=8/10
2026-10-10T11:39:57.612587+00:00 [clients] round 2/10 [########################] 100.0% microbatches=8/8 clients_done=8/10 clients_started=8/10
2026-10-10T11:40:07.614221+00:00 [clients] round 2/10 [########################] 100.0% microbatches=8/8 clients_done=8/10 clients_started=8/10
2026-10-10T11:40:17.615865+00:00 [clients] round 2/10 [########################] 100.0% microbatches=8/8 clients_done=8/10 clients_started=8/10
2026-10-10T11:40:27.617464+00:00 [clients] round 2/10 [########################] 100.0% microbatches=8/8 clients_done=8/10 clients_started=8/10
2026-10-10T11:40:37.619143+00:00 [clients] round 2/10 [########################] 100.0% microbatches=8/8 clients_done=8/10 clients_started=8/10
2026-10-10T11:40:47.620811+00:00 [clients] round 2/10 [########################] 100.0% microbatches=8/8 clients_done=8/10 clients_started=8/10
2026-10-10T11:40:57.622584+00:00 [clients] round 2/10 [########################] 100.0% microbatches=8/8 clients_done=8/10 clients_started=8/10
2026-10-10T11:41:07.624169+00:00 [clients] round 2/10 [########################] 100.0% microbatches=8/8 clients_done=8/10 clients_started=8/10
2026-10-10T11:41:17.625854+00:00 [clients] round 2/10 [########################] 100.0% microbatches=8/8 clients_done=8/10 clients_started=8/10
2026-10-10T11:41:27.627464+00:00 [clients] round 2/10 [########################] 100.0% microbatches=8/8 clients_done=8/10 clients_started=8/10
2026-10-10T11:41:37.629264+00:00 [clients] round 2/10 [########################] 100.0% microbatches=8/8 clients_done=8/10 clients_started=8/10
2026-10-10T11:41:47.630900+00:00 [clients] round 2/10 [########################] 100.0% microbatches=8/8 clients_done=8/10 clients_started=8/10
2026-10-10T11:41:57.632470+00:00 [clients] round 2/10 [########################] 100.0% microbatches=8/8 clients_done=8/10 clients_started=8/10
2026-10-10T11:42:07.634048+00:00 [clients] round 2/10 [########################] 100.0% microbatches=8/8 clients_done=8/10 clients_started=8/10
2026-10-10T11:42:17.635697+00:00 [clients] round 2/10 [########################] 100.0% microbatches=8/8 clients_done=8/10 clients_started=8/10
2026-10-10T11:42:27.637507+00:00 [clients] round 2/10 [########################] 100.0% microbatches=8/8 clients_done=8/10 clients_started=8/10
2026-10-10T11:42:37.639220+00:00 [clients] round 2/10 [########################] 100.0% microbatches=8/8 clients_done=8/10 clients_started=8/10
2026-10-10T11:42:47.640811+00:00 [clients] round 2/10 [########################] 100.0% microbatches=8/8 clients_done=8/10 clients_started=8/10
2026-10-10T11:42:57.642409+00:00 [clients] round 2/10 [########################] 100.0% microbatches=8/8 clients_done=8/10 clients_started=8/10
2026-10-10T11:43:07.644012+00:00 [clients] round 2/10 [########################] 100.0% microbatches=8/8 clients_done=8/10 clients_started=8/10
2026-10-10T11:43:17.645743+00:00 [clients] round 2/10 [########################] 100.0% microbatches=8/8 clients_done=8/10 clients_started=8/10
2026-10-10T11:43:27.647469+00:00 [clients] round 2/10 [########################] 100.0% microbatches=8/8 clients_done=8/10 clients_started=8/10
2026-10-10T11:43:37.649076+00:00 [clients] round 2/10 [########################] 100.0% microbatches=8/8 clients_done=8/10 clients_started=8/10
2026-10-10T11:43:47.650788+00:00 [clients] round 2/10 [########################] 100.0% microbatches=8/8 clients_done=8/10 clients_started=8/10
2026-10-10T11:43:57.652490+00:00 [clients] round 2/10 [########################] 100.0% microbatches=8/8 clients_done=8/10 clients_started=8/10
2026-10-10T11:44:07.654095+00:00 [clients] round 2/10 [########################] 100.0% microbatches=8/8 clients_done=8/10 clients_started=8/10
2026-10-10T11:44:17.655695+00:00 [clients] round 2/10 [########################] 100.0% microbatches=8/8 clients_done=8/10 clients_started=8/10
2026-10-10T11:44:27.657564+00:00 [clients] round 2/10 [########################] 100.0% microbatches=8/8 clients_done=8/10 clients_started=8/10
2026-10-10T11:44:37.659451+00:00 [clients] round 2/10 [########################] 100.0% microbatches=8/8 clients_done=8/10 clients_started=8/10
2026-10-10T11:44:47.661041+00:00 [clients] round 2/10 [########################] 100.0% microbatches=8/8 clients_done=8/10 clients_started=8/10
2026-10-10T11:44:57.662767+00:00 [clients] round 2/10 [########################] 100.0% microbatches=8/8 clients_done=8/10 clients_started=8/10
2026-10-10T11:45:07.664411+00:00 [clients] round 2/10 [########################] 100.0% microbatches=8/8 clients_done=8/10 clients_started=8/10
2026-10-10T11:45:17.666010+00:00 [clients] round 2/10 [########################] 100.0% microbatches=8/8 clients_done=8/10 clients_started=8/10
2026-10-10T11:45:27.667671+00:00 [clients] round 2/10 [########################] 100.0% microbatches=8/8 clients_done=8/10 clients_started=8/10
2026-10-10T11:45:37.669359+00:00 [clients] round 2/10 [########################] 100.0% microbatches=8/8 clients_done=8/10 clients_started=8/10
2026-10-10T11:45:47.670943+00:00 [clients] round 2/10 [########################] 100.0% microbatches=8/8 clients_done=8/10 clients_started=8/10
2026-10-10T11:45:57.672519+00:00 [clients] round 2/10 [########################] 100.0% microbatches=8/8 clients_done=8/10 clients_started=8/10
2026-10-10T11:46:07.674243+00:00 [clients] round 2/10 [########################] 100.0% microbatches=8/8 clients_done=8/10 clients_started=8/10
2026-10-10T11:46:17.675839+00:00 [clients] round 2/10 [########################] 100.0% microbatches=8/8 clients_done=8/10 clients_started=8/10
2026-10-10T11:46:27.677450+00:00 [clients] round 2/10 [########################] 100.0% microbatches=8/8 clients_done=8/10 clients_started=8/10
2026-10-10T11:46:37.679036+00:00 [clients] round 2/10 [########################] 100.0% microbatches=8/8 clients_done=8/10 clients_started=8/10
2026-10-10T11:46:47.680745+00:00 [clients] round 2/10 [########################] 100.0% microbatches=8/8 clients_done=8/10 clients_started=8/10
2026-10-10T11:46:57.682358+00:00 [clients] round 2/10 [########################] 100.0% microbatches=8/8 clients_done=8/10 clients_started=8/10
2026-10-10T11:47:07.684117+00:00 [clients] round 2/10 [########################] 100.0% microbatches=8/8 clients_done=8/10 clients_started=8/10
2026-10-10T11:47:17.685816+00:00 [clients] round 2/10 [########################] 100.0% microbatches=8/8 clients_done=8/10 clients_started=8/10
2026-10-10T11:47:27.687581+00:00 [clients] round 2/10 [########################] 100.0% microbatches=8/8 clients_done=8/10 clients_started=8/10
2026-10-10T11:47:37.689199+00:00 [clients] round 2/10 [########################] 100.0% microbatches=8/8 clients_done=8/10 clients_started=8/10
2026-10-10T11:47:47.690797+00:00 [clients] round 2/10 [########################] 100.0% microbatches=8/8 clients_done=8/10 clients_started=8/10
2026-10-10T11:47:57.692494+00:00 [clients] round 2/10 [########################] 100.0% microbatches=8/8 clients_done=8/10 clients_started=8/10
2026-10-10T11:48:07.694337+00:00 [clients] round 2/10 [########################] 100.0% microbatches=8/8 clients_done=8/10 clients_started=8/10
2026-10-10T11:48:17.695981+00:00 [clients] round 2/10 [########################] 100.0% microbatches=8/8 clients_done=8/10 clients_started=8/10
2026-10-10T11:48:27.697595+00:00 [clients] round 2/10 [########################] 100.0% microbatches=8/8 clients_done=8/10 clients_started=8/10
2026-10-10T11:48:37.699239+00:00 [clients] round 2/10 [########################] 100.0% microbatches=8/8 clients_done=8/10 clients_started=8/10
2026-10-10T11:48:47.700954+00:00 [clients] round 2/10 [########################] 100.0% microbatches=8/8 clients_done=8/10 clients_started=8/10
2026-10-10T11:48:57.702549+00:00 [clients] round 2/10 [########################] 100.0% microbatches=8/8 clients_done=8/10 clients_started=8/10
2026-10-10T11:49:07.704259+00:00 [clients] round 2/10 [########################] 100.0% microbatches=8/8 clients_done=8/10 clients_started=8/10
2026-10-10T11:49:17.705934+00:00 [clients] round 2/10 [########################] 100.0% microbatches=8/8 clients_done=8/10 clients_started=8/10
2026-10-10T11:49:27.707581+00:00 [clients] round 2/10 [########################] 100.0% microbatches=8/8 clients_done=8/10 clients_started=8/10
2026-10-10T11:49:37.709218+00:00 [clients] round 2/10 [########################] 100.0% microbatches=8/8 clients_done=8/10 clients_started=8/10
2026-10-10T11:49:47.710874+00:00 [clients] round 2/10 [########################] 100.0% microbatches=8/8 clients_done=8/10 clients_started=8/10
2026-10-10T11:49:57.712487+00:00 [clients] round 2/10 [########################] 100.0% microbatches=8/8 clients_done=8/10 clients_started=8/10
2026-10-10T11:50:07.714249+00:00 [clients] round 2/10 [########################] 100.0% microbatches=8/8 clients_done=8/10 clients_started=8/10
2026-10-10T11:50:17.715879+00:00 [clients] round 2/10 [########################] 100.0% microbatches=8/8 clients_done=8/10 clients_started=8/10
2026-10-10T11:50:27.717740+00:00 [clients] round 2/10 [########################] 100.0% microbatches=8/8 clients_done=8/10 clients_started=8/10
2026-10-10T11:50:37.719420+00:00 [clients] round 2/10 [########################] 100.0% microbatches=8/8 clients_done=8/10 clients_started=8/10
2026-10-10T11:50:47.721051+00:00 [clients] round 2/10 [########################] 100.0% microbatches=8/8 clients_done=8/10 clients_started=8/10
2026-10-10T11:50:57.722761+00:00 [clients] round 2/10 [########################] 100.0% microbatches=8/8 clients_done=8/10 clients_started=8/10
2026-10-10T11:51:07.724625+00:00 [clients] round 2/10 [########################] 100.0% microbatches=8/8 clients_done=8/10 clients_started=8/10
2026-10-10T11:51:17.726471+00:00 [clients] round 2/10 [########################] 100.0% microbatches=8/8 clients_done=8/10 clients_started=8/10
2026-10-10T11:51:27.728086+00:00 [clients] round 2/10 [########################] 100.0% microbatches=8/8 clients_done=8/10 clients_started=8/10
2026-10-10T11:51:37.729654+00:00 [clients] round 2/10 [########################] 100.0% microbatches=8/8 clients_done=8/10 clients_started=8/10
2026-10-10T11:51:47.731422+00:00 [clients] round 2/10 [########################] 100.0% microbatches=8/8 clients_done=8/10 clients_started=8/10
2026-10-10T11:51:57.733408+00:00 [clients] round 2/10 [########################] 100.0% microbatches=8/8 clients_done=8/10 clients_started=8/10
2026-10-10T11:52:07.735221+00:00 [clients] round 2/10 [########################] 100.0% microbatches=8/8 clients_done=8/10 clients_started=8/10
2026-10-10T11:52:17.736919+00:00 [clients] round 2/10 [########################] 100.0% microbatches=8/8 clients_done=8/10 clients_started=8/10
2026-10-10T11:52:27.738574+00:00 [clients] round 2/10 [########################] 100.0% microbatches=8/8 clients_done=8/10 clients_started=8/10
2026-10-10T11:52:37.740630+00:00 [clients] round 2/10 [########################] 100.0% microbatches=8/8 clients_done=8/10 clients_started=8/10
2026-10-10T11:52:47.742611+00:00 [clients] round 2/10 [########################] 100.0% microbatches=8/8 clients_done=8/10 clients_started=8/10
2026-10-10T11:52:57.744494+00:00 [clients] round 2/10 [########################] 100.0% microbatches=8/8 clients_done=8/10 clients_started=8/10
2026-10-10T11:53:07.746140+00:00 [clients] round 2/10 [########################] 100.0% microbatches=8/8 clients_done=8/10 clients_started=8/10
2026-10-10T11:53:17.747860+00:00 [clients] round 2/10 [########################] 100.0% microbatches=8/8 clients_done=8/10 clients_started=8/10
2026-10-10T11:53:27.749505+00:00 [clients] round 2/10 [########################] 100.0% microbatches=8/8 clients_done=8/10 clients_started=8/10
2026-10-10T11:53:37.751164+00:00 [clients] round 2/10 [########################] 100.0% microbatches=8/8 clients_done=8/10 clients_started=8/10
2026-10-10T11:53:47.752800+00:00 [clients] round 2/10 [########################] 100.0% microbatches=8/8 clients_done=8/10 clients_started=8/10
2026-10-10T11:53:57.755196+00:00 [clients] round 2/10 [########################] 100.0% microbatches=8/8 clients_done=8/10 clients_started=8/10
2026-10-10T11:54:07.757656+00:00 [clients] round 2/10 [########################] 100.0% microbatches=8/8 clients_done=8/10 clients_started=8/10
2026-10-10T11:54:17.759363+00:00 [clients] round 2/10 [########################] 100.0% microbatches=8/8 clients_done=8/10 clients_started=8/10
2026-10-10T11:54:27.761011+00:00 [clients] round 2/10 [########################] 100.0% microbatches=8/8 clients_done=8/10 clients_started=8/10
2026-10-10T11:54:37.762646+00:00 [clients] round 2/10 [########################] 100.0% microbatches=8/8 clients_done=8/10 clients_started=8/10
2026-10-10T11:54:47.764284+00:00 [clients] round 2/10 [########################] 100.0% microbatches=8/8 clients_done=8/10 clients_started=8/10
2026-10-10T11:54:57.765893+00:00 [clients] round 2/10 [########################] 100.0% microbatches=8/8 clients_done=8/10 clients_started=8/10
2026-10-10T11:55:07.767510+00:00 [clients] round 2/10 [########################] 100.0% microbatches=8/8 clients_done=8/10 clients_started=8/10
2026-10-10T11:55:17.769150+00:00 [clients] round 2/10 [########################] 100.0% microbatches=8/8 clients_done=8/10 clients_started=8/10
2026-10-10T11:55:27.770893+00:00 [clients] round 2/10 [########################] 100.0% microbatches=8/8 clients_done=8/10 clients_started=8/10
2026-10-10T11:55:37.772656+00:00 [clients] round 2/10 [########################] 100.0% microbatches=8/8 clients_done=8/10 clients_started=8/10
2026-10-10T11:55:47.774311+00:00 [clients] round 2/10 [########################] 100.0% microbatches=8/8 clients_done=8/10 clients_started=8/10
2026-10-10T11:55:57.775954+00:00 [clients] round 2/10 [########################] 100.0% microbatches=8/8 clients_done=8/10 clients_started=8/10
2026-10-10T11:56:07.777662+00:00 [clients] round 2/10 [########################] 100.0% microbatches=8/8 clients_done=8/10 clients_started=8/10
2026-10-10T11:56:17.779380+00:00 [clients] round 2/10 [########################] 100.0% microbatches=8/8 clients_done=8/10 clients_started=8/10
2026-10-10T11:56:27.781011+00:00 [clients] round 2/10 [########################] 100.0% microbatches=8/8 clients_done=8/10 clients_started=8/10
2026-10-10T11:56:37.782586+00:00 [clients] round 2/10 [########################] 100.0% microbatches=8/8 clients_done=8/10 clients_started=8/10
2026-10-10T11:56:47.784319+00:00 [clients] round 2/10 [########################] 100.0% microbatches=8/8 clients_done=8/10 clients_started=8/10
2026-10-10T11:56:57.786052+00:00 [clients] round 2/10 [########################] 100.0% microbatches=8/8 clients_done=8/10 clients_started=8/10
2026-10-10T11:57:07.787749+00:00 [clients] round 2/10 [########################] 100.0% microbatches=8/8 clients_done=8/10 clients_started=8/10
2026-10-10T11:57:17.789445+00:00 [clients] round 2/10 [########################] 100.0% microbatches=8/8 clients_done=8/10 clients_started=8/10
2026-10-10T11:57:27.791105+00:00 [clients] round 2/10 [########################] 100.0% microbatches=8/8 clients_done=8/10 clients_started=8/10
2026-10-10T11:57:37.792851+00:00 [clients] round 2/10 [########################] 100.0% microbatches=8/8 clients_done=8/10 clients_started=8/10
2026-10-10T11:57:47.794532+00:00 [clients] round 2/10 [########################] 100.0% microbatches=8/8 clients_done=8/10 clients_started=8/10
2026-10-10T11:57:57.796155+00:00 [clients] round 2/10 [########################] 100.0% microbatches=8/8 clients_done=8/10 clients_started=8/10
2026-10-10T11:58:07.797832+00:00 [clients] round 2/10 [########################] 100.0% microbatches=8/8 clients_done=8/10 clients_started=8/10
2026-10-10T11:58:17.799531+00:00 [clients] round 2/10 [########################] 100.0% microbatches=8/8 clients_done=8/10 clients_started=8/10
2026-10-10T11:58:27.801275+00:00 [clients] round 2/10 [########################] 100.0% microbatches=8/8 clients_done=8/10 clients_started=8/10
2026-10-10T11:58:37.803084+00:00 [clients] round 2/10 [########################] 100.0% microbatches=8/8 clients_done=8/10 clients_started=8/10
2026-10-10T11:58:47.804736+00:00 [clients] round 2/10 [########################] 100.0% microbatches=8/8 clients_done=8/10 clients_started=8/10
2026-10-10T11:58:57.806376+00:00 [clients] round 2/10 [########################] 100.0% microbatches=8/8 clients_done=8/10 clients_started=8/10
2026-10-10T11:59:07.808068+00:00 [clients] round 2/10 [########################] 100.0% microbatches=8/8 clients_done=8/10 clients_started=8/10
2026-10-10T11:59:17.809845+00:00 [clients] round 2/10 [########################] 100.0% microbatches=8/8 clients_done=8/10 clients_started=8/10
2026-10-10T11:59:27.811527+00:00 [clients] round 2/10 [########################] 100.0% microbatches=8/8 clients_done=8/10 clients_started=8/10
2026-10-10T11:59:37.813237+00:00 [clients] round 2/10 [########################] 100.0% microbatches=8/8 clients_done=8/10 clients_started=8/10
2026-10-10T11:59:47.815041+00:00 [clients] round 2/10 [########################] 100.0% microbatches=8/8 clients_done=8/10 clients_started=8/10
2026-10-10T11:59:57.816725+00:00 [clients] round 2/10 [########################] 100.0% microbatches=8/8 clients_done=8/10 clients_started=8/10
2026-10-10T12:00:07.818435+00:00 [clients] round 2/10 [########################] 100.0% microbatches=8/8 clients_done=8/10 clients_started=8/10
2026-10-10T12:00:17.820146+00:00 [clients] round 2/10 [########################] 100.0% microbatches=8/8 clients_done=8/10 clients_started=8/10
2026-10-10T12:00:27.821909+00:00 [clients] round 2/10 [########################] 100.0% microbatches=8/8 clients_done=8/10 clients_started=8/10
2026-10-10T12:00:37.823550+00:00 [clients] round 2/10 [########################] 100.0% microbatches=8/8 clients_done=8/10 clients_started=8/10
2026-10-10T12:00:47.825123+00:00 [clients] round 2/10 [########################] 100.0% microbatches=8/8 clients_done=8/10 clients_started=8/10
2026-10-10T12:00:57.826773+00:00 [clients] round 2/10 [########################] 100.0% microbatches=8/8 clients_done=8/10 clients_started=8/10
2026-10-10T12:01:07.828420+00:00 [clients] round 2/10 [########################] 100.0% microbatches=8/8 clients_done=8/10 clients_started=8/10
2026-10-10T12:01:17.830466+00:00 [clients] round 2/10 [########################] 100.0% microbatches=8/8 clients_done=8/10 clients_started=8/10
2026-10-10T12:01:27.832162+00:00 [clients] round 2/10 [########################] 100.0% microbatches=8/8 clients_done=8/10 clients_started=8/10
2026-10-10T12:01:37.833843+00:00 [clients] round 2/10 [########################] 100.0% microbatches=8/8 clients_done=8/10 clients_started=8/10
2026-10-10T12:01:47.835489+00:00 [clients] round 2/10 [########################] 100.0% microbatches=8/8 clients_done=8/10 clients_started=8/10
2026-10-10T12:01:57.837271+00:00 [clients] round 2/10 [########################] 100.0% microbatches=8/8 clients_done=8/10 clients_started=8/10
2026-10-10T12:02:07.839018+00:00 [clients] round 2/10 [########################] 100.0% microbatches=8/8 clients_done=8/10 clients_started=8/10
2026-10-10T12:02:17.840745+00:00 [clients] round 2/10 [########################] 100.0% microbatches=8/8 clients_done=8/10 clients_started=8/10
2026-10-10T12:02:27.842408+00:00 [clients] round 2/10 [########################] 100.0% microbatches=8/8 clients_done=8/10 clients_started=8/10
2026-10-10T12:02:37.844154+00:00 [clients] round 2/10 [########################] 100.0% microbatches=8/8 clients_done=8/10 clients_started=8/10
2026-10-10T12:02:47.845857+00:00 [clients] round 2/10 [########################] 100.0% microbatches=8/8 clients_done=8/10 clients_started=8/10
2026-10-10T12:02:57.847693+00:00 [clients] round 2/10 [########################] 100.0% microbatches=8/8 clients_done=8/10 clients_started=8/10
2026-10-10T12:03:07.849325+00:00 [clients] round 2/10 [########################] 100.0% microbatches=8/8 clients_done=8/10 clients_started=8/10
2026-10-10T12:03:17.851022+00:00 [clients] round 2/10 [########################] 100.0% microbatches=8/8 clients_done=8/10 clients_started=8/10
2026-10-10T12:03:27.852708+00:00 [clients] round 2/10 [########################] 100.0% microbatches=8/8 clients_done=8/10 clients_started=8/10
2026-10-10T12:03:37.854430+00:00 [clients] round 2/10 [########################] 100.0% microbatches=8/8 clients_done=8/10 clients_started=8/10
2026-10-10T12:03:47.856080+00:00 [clients] round 2/10 [########################] 100.0% microbatches=8/8 clients_done=8/10 clients_started=8/10
2026-10-10T12:03:57.857999+00:00 [clients] round 2/10 [########################] 100.0% microbatches=8/8 clients_done=8/10 clients_started=8/10
2026-10-10T12:04:07.859587+00:00 [clients] round 2/10 [########################] 100.0% microbatches=8/8 clients_done=8/10 clients_started=8/10
2026-10-10T12:04:17.861243+00:00 [clients] round 2/10 [########################] 100.0% microbatches=8/8 clients_done=8/10 clients_started=8/10
2026-10-10T12:04:27.862933+00:00 [clients] round 2/10 [########################] 100.0% microbatches=8/8 clients_done=8/10 clients_started=8/10
2026-10-10T12:04:37.864614+00:00 [clients] round 2/10 [########################] 100.0% microbatches=8/8 clients_done=8/10 clients_started=8/10
2026-10-10T12:04:47.866311+00:00 [clients] round 2/10 [########################] 100.0% microbatches=8/8 clients_done=8/10 clients_started=8/10
2026-10-10T12:04:57.868289+00:00 [clients] round 2/10 [########################] 100.0% microbatches=8/8 clients_done=8/10 clients_started=8/10
2026-10-10T12:05:07.870041+00:00 [clients] round 2/10 [########################] 100.0% microbatches=8/8 clients_done=8/10 clients_started=8/10
2026-10-10T12:05:17.871789+00:00 [clients] round 2/10 [########################] 100.0% microbatches=8/8 clients_done=8/10 clients_started=8/10
2026-10-10T12:05:27.873484+00:00 [clients] round 2/10 [########################] 100.0% microbatches=8/8 clients_done=8/10 clients_started=8/10
2026-10-10T12:05:37.875170+00:00 [clients] round 2/10 [########################] 100.0% microbatches=8/8 clients_done=8/10 clients_started=8/10
2026-10-10T12:05:47.876927+00:00 [clients] round 2/10 [########################] 100.0% microbatches=8/8 clients_done=8/10 clients_started=8/10
2026-10-10T12:05:57.878599+00:00 [clients] round 2/10 [########################] 100.0% microbatches=8/8 clients_done=8/10 clients_started=8/10
2026-10-10T12:06:07.880297+00:00 [clients] round 2/10 [########################] 100.0% microbatches=8/8 clients_done=8/10 clients_started=8/10
2026-10-10T12:06:17.882054+00:00 [clients] round 2/10 [########################] 100.0% microbatches=8/8 clients_done=8/10 clients_started=8/10
2026-10-10T12:06:27.883851+00:00 [clients] round 2/10 [########################] 100.0% microbatches=8/8 clients_done=8/10 clients_started=8/10
2026-10-10T12:06:37.885545+00:00 [clients] round 2/10 [########################] 100.0% microbatches=8/8 clients_done=8/10 clients_started=8/10
2026-10-10T12:06:47.887156+00:00 [clients] round 2/10 [########################] 100.0% microbatches=8/8 clients_done=8/10 clients_started=8/10
2026-10-10T12:06:57.888913+00:00 [clients] round 2/10 [########################] 100.0% microbatches=8/8 clients_done=8/10 clients_started=8/10
2026-10-10T12:07:07.890536+00:00 [clients] round 2/10 [########################] 100.0% microbatches=8/8 clients_done=8/10 clients_started=8/10
2026-10-10T12:07:17.892103+00:00 [clients] round 2/10 [########################] 100.0% microbatches=8/8 clients_done=8/10 clients_started=8/10
2026-10-10T12:07:27.893665+00:00 [clients] round 2/10 [########################] 100.0% microbatches=8/8 clients_done=8/10 clients_started=8/10
2026-10-10T12:07:37.895287+00:00 [clients] round 2/10 [########################] 100.0% microbatches=8/8 clients_done=8/10 clients_started=8/10
2026-10-10T12:07:47.897201+00:00 [clients] round 2/10 [########################] 100.0% microbatches=8/8 clients_done=8/10 clients_started=8/10
2026-10-10T12:07:57.898861+00:00 [clients] round 2/10 [########################] 100.0% microbatches=8/8 clients_done=8/10 clients_started=8/10
2026-10-10T12:08:07.900623+00:00 [clients] round 2/10 [########################] 100.0% microbatches=8/8 clients_done=8/10 clients_started=8/10
2026-10-10T12:08:17.902155+00:00 [clients] round 2/10 [########################] 100.0% microbatches=8/8 clients_done=8/10 clients_started=8/10
2026-10-10T12:08:27.903771+00:00 [clients] round 2/10 [########################] 100.0% microbatches=8/8 clients_done=8/10 clients_started=8/10
2026-10-10T12:08:37.905490+00:00 [clients] round 2/10 [########################] 100.0% microbatches=8/8 clients_done=8/10 clients_started=8/10
2026-10-10T12:08:47.907149+00:00 [clients] round 2/10 [########################] 100.0% microbatches=8/8 clients_done=8/10 clients_started=8/10
2026-10-10T12:08:57.908785+00:00 [clients] round 2/10 [########################] 100.0% microbatches=8/8 clients_done=8/10 clients_started=8/10
2026-10-10T12:09:07.910747+00:00 [clients] round 2/10 [########################] 100.0% microbatches=8/8 clients_done=8/10 clients_started=8/10
2026-10-10T12:09:17.912497+00:00 [clients] round 2/10 [########################] 100.0% microbatches=8/8 clients_done=8/10 clients_started=8/10
2026-10-10T12:09:27.914279+00:00 [clients] round 2/10 [########################] 100.0% microbatches=8/8 clients_done=8/10 clients_started=8/10
2026-10-10T12:09:37.924826+00:00 [clients] round 2/10 [########################] 100.0% microbatches=8/8 clients_done=8/10 clients_started=8/10
2026-10-10T12:09:47.927032+00:00 [clients] round 2/10 [########################] 100.0% microbatches=8/8 clients_done=8/10 clients_started=8/10
2026-10-10T12:09:57.929077+00:00 [clients] round 2/10 [########################] 100.0% microbatches=8/8 clients_done=8/10 clients_started=8/10
2026-10-10T12:10:07.930926+00:00 [clients] round 2/10 [########################] 100.0% microbatches=8/8 clients_done=8/10 clients_started=8/10
2026-10-10T12:10:17.932666+00:00 [clients] round 2/10 [########################] 100.0% microbatches=8/8 clients_done=8/10 clients_started=8/10
2026-10-10T12:10:27.934431+00:00 [clients] round 2/10 [########################] 100.0% microbatches=8/8 clients_done=8/10 clients_started=8/10
2026-10-10T12:10:37.936134+00:00 [clients] round 2/10 [########################] 100.0% microbatches=8/8 clients_done=8/10 clients_started=8/10
2026-10-10T12:10:47.938164+00:00 [clients] round 2/10 [########################] 100.0% microbatches=8/8 clients_done=8/10 clients_started=8/10
2026-10-10T12:10:57.940031+00:00 [clients] round 2/10 [########################] 100.0% microbatches=8/8 clients_done=8/10 clients_started=8/10
2026-10-10T12:11:07.941773+00:00 [clients] round 2/10 [########################] 100.0% microbatches=8/8 clients_done=8/10 clients_started=8/10
2026-10-10T12:11:17.943460+00:00 [clients] round 2/10 [########################] 100.0% microbatches=8/8 clients_done=8/10 clients_started=8/10
2026-10-10T12:11:27.945177+00:00 [clients] round 2/10 [########################] 100.0% microbatches=8/8 clients_done=8/10 clients_started=8/10
2026-10-10T12:11:37.946945+00:00 [clients] round 2/10 [########################] 100.0% microbatches=8/8 clients_done=8/10 clients_started=8/10
2026-10-10T12:11:47.948654+00:00 [clients] round 2/10 [########################] 100.0% microbatches=8/8 clients_done=8/10 clients_started=8/10
2026-10-10T12:11:57.950400+00:00 [clients] round 2/10 [########################] 100.0% microbatches=8/8 clients_done=8/10 clients_started=8/10
2026-10-10T12:12:07.952172+00:00 [clients] round 2/10 [########################] 100.0% microbatches=8/8 clients_done=8/10 clients_started=8/10
2026-10-10T12:12:17.954308+00:00 [clients] round 2/10 [########################] 100.0% microbatches=8/8 clients_done=8/10 clients_started=8/10
2026-10-10T12:12:27.956132+00:00 [clients] round 2/10 [########################] 100.0% microbatches=8/8 clients_done=8/10 clients_started=8/10
2026-10-10T12:12:37.957786+00:00 [clients] round 2/10 [########################] 100.0% microbatches=8/8 clients_done=8/10 clients_started=8/10
2026-10-10T12:12:47.959435+00:00 [clients] round 2/10 [########################] 100.0% microbatches=8/8 clients_done=8/10 clients_started=8/10
2026-10-10T12:12:57.961156+00:00 [clients] round 2/10 [########################] 100.0% microbatches=8/8 clients_done=8/10 clients_started=8/10
2026-10-10T12:13:07.962786+00:00 [clients] round 2/10 [########################] 100.0% microbatches=8/8 clients_done=8/10 clients_started=8/10
2026-10-10T12:13:17.964452+00:00 [clients] round 2/10 [########################] 100.0% microbatches=8/8 clients_done=8/10 clients_started=8/10
2026-10-10T12:13:27.966122+00:00 [clients] round 2/10 [########################] 100.0% microbatches=8/8 clients_done=8/10 clients_started=8/10
2026-10-10T12:13:37.967777+00:00 [clients] round 2/10 [########################] 100.0% microbatches=8/8 clients_done=8/10 clients_started=8/10
2026-10-10T12:13:47.969440+00:00 [clients] round 2/10 [########################] 100.0% microbatches=8/8 clients_done=8/10 clients_started=8/10
2026-10-10T12:13:57.971250+00:00 [clients] round 2/10 [########################] 100.0% microbatches=8/8 clients_done=8/10 clients_started=8/10
2026-10-10T12:14:07.972942+00:00 [clients] round 2/10 [########################] 100.0% microbatches=8/8 clients_done=8/10 clients_started=8/10
2026-10-10T12:14:17.974620+00:00 [clients] round 2/10 [########################] 100.0% microbatches=8/8 clients_done=8/10 clients_started=8/10
2026-10-10T12:14:27.976496+00:00 [clients] round 2/10 [########################] 100.0% microbatches=8/8 clients_done=8/10 clients_started=8/10
2026-10-10T12:14:37.978179+00:00 [clients] round 2/10 [########################] 100.0% microbatches=8/8 clients_done=8/10 clients_started=8/10
2026-10-10T12:14:47.979929+00:00 [clients] round 2/10 [########################] 100.0% microbatches=8/8 clients_done=8/10 clients_started=8/10
2026-10-10T12:14:57.981657+00:00 [clients] round 2/10 [########################] 100.0% microbatches=8/8 clients_done=8/10 clients_started=8/10
2026-10-10T12:15:07.983538+00:00 [clients] round 2/10 [########################] 100.0% microbatches=8/8 clients_done=8/10 clients_started=8/10
2026-10-10T12:15:17.985218+00:00 [clients] round 2/10 [########################] 100.0% microbatches=8/8 clients_done=8/10 clients_started=8/10
2026-10-10T12:15:27.986854+00:00 [clients] round 2/10 [########################] 100.0% microbatches=8/8 clients_done=8/10 clients_started=8/10
2026-10-10T12:15:37.988459+00:00 [clients] round 2/10 [########################] 100.0% microbatches=8/8 clients_done=8/10 clients_started=8/10
2026-10-10T12:15:47.990224+00:00 [clients] round 2/10 [########################] 100.0% microbatches=8/8 clients_done=8/10 clients_started=8/10
2026-10-10T12:15:57.991805+00:00 [clients] round 2/10 [########################] 100.0% microbatches=8/8 clients_done=8/10 clients_started=8/10
2026-10-10T12:16:07.993577+00:00 [clients] round 2/10 [########################] 100.0% microbatches=8/8 clients_done=8/10 clients_started=8/10
2026-10-10T12:16:17.995162+00:00 [clients] round 2/10 [########################] 100.0% microbatches=8/8 clients_done=8/10 clients_started=8/10
2026-10-10T12:16:27.997128+00:00 [clients] round 2/10 [########################] 100.0% microbatches=8/8 clients_done=8/10 clients_started=8/10
2026-10-10T12:16:37.998769+00:00 [clients] round 2/10 [########################] 100.0% microbatches=8/8 clients_done=8/10 clients_started=8/10
2026-10-10T12:16:48.000562+00:00 [clients] round 2/10 [########################] 100.0% microbatches=8/8 clients_done=8/10 clients_started=8/10
2026-10-10T12:16:58.002218+00:00 [clients] round 2/10 [########################] 100.0% microbatches=8/8 clients_done=8/10 clients_started=8/10
2026-10-10T12:17:08.004171+00:00 [clients] round 2/10 [########################] 100.0% microbatches=8/8 clients_done=8/10 clients_started=8/10
2026-10-10T12:17:18.005907+00:00 [clients] round 2/10 [########################] 100.0% microbatches=8/8 clients_done=8/10 clients_started=8/10
2026-10-10T12:17:28.007610+00:00 [clients] round 2/10 [########################] 100.0% microbatches=8/8 clients_done=8/10 clients_started=8/10
2026-10-10T12:17:38.009307+00:00 [clients] round 2/10 [########################] 100.0% microbatches=8/8 clients_done=8/10 clients_started=8/10
2026-10-10T12:17:48.010956+00:00 [clients] round 2/10 [########################] 100.0% microbatches=8/8 clients_done=8/10 clients_started=8/10
2026-10-10T12:17:58.012780+00:00 [clients] round 2/10 [########################] 100.0% microbatches=8/8 clients_done=8/10 clients_started=8/10
2026-10-10T12:18:08.014778+00:00 [clients] round 2/10 [########################] 100.0% microbatches=8/8 clients_done=8/10 clients_started=8/10
2026-10-10T12:18:18.017411+00:00 [clients] round 2/10 [########################] 100.0% microbatches=8/8 clients_done=8/10 clients_started=8/10
2026-10-10T12:18:28.019661+00:00 [clients] round 2/10 [########################] 100.0% microbatches=8/8 clients_done=8/10 clients_started=8/10
2026-10-10T12:18:38.021418+00:00 [clients] round 2/10 [########################] 100.0% microbatches=8/8 clients_done=8/10 clients_started=8/10
2026-10-10T12:18:48.023107+00:00 [clients] round 2/10 [########################] 100.0% microbatches=8/8 clients_done=8/10 clients_started=8/10
2026-10-10T12:18:58.024743+00:00 [clients] round 2/10 [########################] 100.0% microbatches=8/8 clients_done=8/10 clients_started=8/10
2026-10-10T12:19:08.026525+00:00 [clients] round 2/10 [########################] 100.0% microbatches=8/8 clients_done=8/10 clients_started=8/10
2026-10-10T12:19:18.028200+00:00 [clients] round 2/10 [########################] 100.0% microbatches=8/8 clients_done=8/10 clients_started=8/10
2026-10-10T12:19:28.029839+00:00 [clients] round 2/10 [########################] 100.0% microbatches=8/8 clients_done=8/10 clients_started=8/10
2026-10-10T12:19:38.031563+00:00 [clients] round 2/10 [########################] 100.0% microbatches=8/8 clients_done=8/10 clients_started=8/10
2026-10-10T12:19:48.033215+00:00 [clients] round 2/10 [########################] 100.0% microbatches=8/8 clients_done=8/10 clients_started=8/10
2026-10-10T12:19:58.034882+00:00 [clients] round 2/10 [########################] 100.0% microbatches=8/8 clients_done=8/10 clients_started=8/10
2026-10-10T12:20:08.036543+00:00 [clients] round 2/10 [########################] 100.0% microbatches=8/8 clients_done=8/10 clients_started=8/10
2026-10-10T12:20:18.038185+00:00 [clients] round 2/10 [########################] 100.0% microbatches=8/8 clients_done=8/10 clients_started=8/10
2026-10-10T12:20:28.039869+00:00 [clients] round 2/10 [########################] 100.0% microbatches=8/8 clients_done=8/10 clients_started=8/10
2026-10-10T12:20:38.041540+00:00 [clients] round 2/10 [########################] 100.0% microbatches=8/8 clients_done=8/10 clients_started=8/10
2026-10-10T12:20:48.043228+00:00 [clients] round 2/10 [########################] 100.0% microbatches=8/8 clients_done=8/10 clients_started=8/10
2026-10-10T12:20:58.044895+00:00 [clients] round 2/10 [########################] 100.0% microbatches=8/8 clients_done=8/10 clients_started=8/10
2026-10-10T12:21:08.054321+00:00 [clients] round 2/10 [########################] 100.0% microbatches=8/8 clients_done=8/10 clients_started=8/10
2026-10-10T12:21:18.056052+00:00 [clients] round 2/10 [########################] 100.0% microbatches=8/8 clients_done=8/10 clients_started=8/10
2026-10-10T12:21:28.057780+00:00 [clients] round 2/10 [########################] 100.0% microbatches=8/8 clients_done=8/10 clients_started=8/10
2026-10-10T12:21:38.059526+00:00 [clients] round 2/10 [########################] 100.0% microbatches=8/8 clients_done=8/10 clients_started=8/10
2026-10-10T12:21:48.061352+00:00 [clients] round 2/10 [########################] 100.0% microbatches=8/8 clients_done=8/10 clients_started=8/10
2026-10-10T12:21:58.063123+00:00 [clients] round 2/10 [########################] 100.0% microbatches=8/8 clients_done=8/10 clients_started=8/10
2026-10-10T12:22:08.064872+00:00 [clients] round 2/10 [########################] 100.0% microbatches=8/8 clients_done=8/10 clients_started=8/10
2026-10-10T12:22:18.066662+00:00 [clients] round 2/10 [########################] 100.0% microbatches=8/8 clients_done=8/10 clients_started=8/10
2026-10-10T12:22:28.068346+00:00 [clients] round 2/10 [########################] 100.0% microbatches=8/8 clients_done=8/10 clients_started=8/10
2026-10-10T12:22:38.070042+00:00 [clients] round 2/10 [########################] 100.0% microbatches=8/8 clients_done=8/10 clients_started=8/10
2026-10-10T12:22:48.071777+00:00 [clients] round 2/10 [########################] 100.0% microbatches=8/8 clients_done=8/10 clients_started=8/10
2026-10-10T12:22:58.073605+00:00 [clients] round 2/10 [########################] 100.0% microbatches=8/8 clients_done=8/10 clients_started=8/10
2026-10-10T12:23:08.075249+00:00 [clients] round 2/10 [########################] 100.0% microbatches=8/8 clients_done=8/10 clients_started=8/10
2026-10-10T12:23:18.076933+00:00 [clients] round 2/10 [########################] 100.0% microbatches=8/8 clients_done=8/10 clients_started=8/10
2026-10-10T12:23:28.079563+00:00 [clients] round 2/10 [########################] 100.0% microbatches=8/8 clients_done=8/10 clients_started=8/10
2026-10-10T12:23:38.081242+00:00 [clients] round 2/10 [########################] 100.0% microbatches=8/8 clients_done=8/10 clients_started=8/10
2026-10-10T12:23:48.082836+00:00 [clients] round 2/10 [########################] 100.0% microbatches=8/8 clients_done=8/10 clients_started=8/10
2026-10-10T12:23:58.084607+00:00 [clients] round 2/10 [########################] 100.0% microbatches=8/8 clients_done=8/10 clients_started=8/10
2026-10-10T12:24:08.086295+00:00 [clients] round 2/10 [########################] 100.0% microbatches=8/8 clients_done=8/10 clients_started=8/10
2026-10-10T12:24:18.087929+00:00 [clients] round 2/10 [########################] 100.0% microbatches=8/8 clients_done=8/10 clients_started=8/10
2026-10-10T12:24:28.089618+00:00 [clients] round 2/10 [########################] 100.0% microbatches=8/8 clients_done=8/10 clients_started=8/10
2026-10-10T12:24:38.091467+00:00 [clients] round 2/10 [########################] 100.0% microbatches=8/8 clients_done=8/10 clients_started=8/10
2026-10-10T12:24:48.093302+00:00 [clients] round 2/10 [########################] 100.0% microbatches=8/8 clients_done=8/10 clients_started=8/10
2026-10-10T12:24:58.095196+00:00 [clients] round 2/10 [########################] 100.0% microbatches=8/8 clients_done=8/10 clients_started=8/10
2026-10-10T12:25:08.097053+00:00 [clients] round 2/10 [########################] 100.0% microbatches=8/8 clients_done=8/10 clients_started=8/10
2026-10-10T12:25:18.098900+00:00 [clients] round 2/10 [########################] 100.0% microbatches=8/8 clients_done=8/10 clients_started=8/10
2026-10-10T12:25:28.100614+00:00 [clients] round 2/10 [########################] 100.0% microbatches=8/8 clients_done=8/10 clients_started=8/10
2026-10-10T12:25:38.102443+00:00 [clients] round 2/10 [########################] 100.0% microbatches=8/8 clients_done=8/10 clients_started=8/10
2026-10-10T12:25:48.104199+00:00 [clients] round 2/10 [########################] 100.0% microbatches=8/8 clients_done=8/10 clients_started=8/10
2026-10-10T12:25:58.105880+00:00 [clients] round 2/10 [########################] 100.0% microbatches=8/8 clients_done=8/10 clients_started=8/10
2026-10-10T12:26:08.107549+00:00 [clients] round 2/10 [########################] 100.0% microbatches=8/8 clients_done=8/10 clients_started=8/10
2026-10-10T12:26:18.109277+00:00 [clients] round 2/10 [########################] 100.0% microbatches=8/8 clients_done=8/10 clients_started=8/10
2026-10-10T12:26:28.110994+00:00 [clients] round 2/10 [########################] 100.0% microbatches=8/8 clients_done=8/10 clients_started=8/10
2026-10-10T12:26:38.112822+00:00 [clients] round 2/10 [########################] 100.0% microbatches=8/8 clients_done=8/10 clients_started=8/10
2026-10-10T12:26:48.114642+00:00 [clients] round 2/10 [########################] 100.0% microbatches=8/8 clients_done=8/10 clients_started=8/10
2026-10-10T12:26:58.116447+00:00 [clients] round 2/10 [########################] 100.0% microbatches=8/8 clients_done=8/10 clients_started=8/10
2026-10-10T12:27:08.118196+00:00 [clients] round 2/10 [########################] 100.0% microbatches=8/8 clients_done=8/10 clients_started=8/10
2026-10-10T12:27:18.119994+00:00 [clients] round 2/10 [########################] 100.0% microbatches=8/8 clients_done=8/10 clients_started=8/10
2026-10-10T12:27:28.121809+00:00 [clients] round 2/10 [########################] 100.0% microbatches=8/8 clients_done=8/10 clients_started=8/10
2026-10-10T12:27:38.123547+00:00 [clients] round 2/10 [########################] 100.0% microbatches=8/8 clients_done=8/10 clients_started=8/10
2026-10-10T12:27:48.125290+00:00 [clients] round 2/10 [########################] 100.0% microbatches=8/8 clients_done=8/10 clients_started=8/10
2026-10-10T12:27:58.127076+00:00 [clients] round 2/10 [########################] 100.0% microbatches=8/8 clients_done=8/10 clients_started=8/10
2026-10-10T12:28:08.129556+00:00 [clients] round 2/10 [########################] 100.0% microbatches=8/8 clients_done=8/10 clients_started=8/10
2026-10-10T12:28:18.131259+00:00 [clients] round 2/10 [########################] 100.0% microbatches=8/8 clients_done=8/10 clients_started=8/10
2026-10-10T12:28:28.133026+00:00 [clients] round 2/10 [########################] 100.0% microbatches=8/8 clients_done=8/10 clients_started=8/10
2026-10-10T12:28:38.134736+00:00 [clients] round 2/10 [########################] 100.0% microbatches=8/8 clients_done=8/10 clients_started=8/10
2026-10-10T12:28:48.136596+00:00 [clients] round 2/10 [########################] 100.0% microbatches=8/8 clients_done=8/10 clients_started=8/10
2026-10-10T12:28:58.138317+00:00 [clients] round 2/10 [########################] 100.0% microbatches=8/8 clients_done=8/10 clients_started=8/10
2026-10-10T12:29:08.140079+00:00 [clients] round 2/10 [########################] 100.0% microbatches=8/8 clients_done=8/10 clients_started=8/10
2026-10-10T12:29:18.141783+00:00 [clients] round 2/10 [########################] 100.0% microbatches=8/8 clients_done=8/10 clients_started=8/10
2026-10-10T12:29:28.143489+00:00 [clients] round 2/10 [########################] 100.0% microbatches=8/8 clients_done=8/10 clients_started=8/10
2026-10-10T12:29:38.145183+00:00 [clients] round 2/10 [########################] 100.0% microbatches=8/8 clients_done=8/10 clients_started=8/10
2026-10-10T12:29:48.147150+00:00 [clients] round 2/10 [########################] 100.0% microbatches=8/8 clients_done=8/10 clients_started=8/10
2026-10-10T12:29:58.148878+00:00 [clients] round 2/10 [########################] 100.0% microbatches=8/8 clients_done=8/10 clients_started=8/10
2026-10-10T12:30:08.150545+00:00 [clients] round 2/10 [########################] 100.0% microbatches=8/8 clients_done=8/10 clients_started=8/10
2026-10-10T12:30:18.152233+00:00 [clients] round 2/10 [########################] 100.0% microbatches=8/8 clients_done=8/10 clients_started=8/10
2026-10-10T12:30:28.154026+00:00 [clients] round 2/10 [########################] 100.0% microbatches=8/8 clients_done=8/10 clients_started=8/10
2026-10-10T12:30:38.155766+00:00 [clients] round 2/10 [########################] 100.0% microbatches=8/8 clients_done=8/10 clients_started=8/10
2026-10-10T12:30:48.166044+00:00 [clients] round 2/10 [########################] 100.0% microbatches=8/8 clients_done=8/10 clients_started=8/10
2026-10-10T12:30:58.167693+00:00 [clients] round 2/10 [########################] 100.0% microbatches=8/8 clients_done=8/10 clients_started=8/10
2026-10-10T12:31:08.169487+00:00 [clients] round 2/10 [########################] 100.0% microbatches=8/8 clients_done=8/10 clients_started=8/10
2026-10-10T12:31:18.171204+00:00 [clients] round 2/10 [########################] 100.0% microbatches=8/8 clients_done=8/10 clients_started=8/10
2026-10-10T12:31:28.172855+00:00 [clients] round 2/10 [########################] 100.0% microbatches=8/8 clients_done=8/10 clients_started=8/10
2026-10-10T12:31:38.174510+00:00 [clients] round 2/10 [########################] 100.0% microbatches=8/8 clients_done=8/10 clients_started=8/10
2026-10-10T12:31:48.176243+00:00 [clients] round 2/10 [########################] 100.0% microbatches=8/8 clients_done=8/10 clients_started=8/10
2026-10-10T12:31:58.177880+00:00 [clients] round 2/10 [########################] 100.0% microbatches=8/8 clients_done=8/10 clients_started=8/10
2026-10-10T12:32:08.179494+00:00 [clients] round 2/10 [########################] 100.0% microbatches=8/8 clients_done=8/10 clients_started=8/10
2026-10-10T12:32:18.181117+00:00 [clients] round 2/10 [########################] 100.0% microbatches=8/8 clients_done=8/10 clients_started=8/10
2026-10-10T12:32:28.182787+00:00 [clients] round 2/10 [########################] 100.0% microbatches=8/8 clients_done=8/10 clients_started=8/10
2026-10-10T12:32:38.184455+00:00 [clients] round 2/10 [########################] 100.0% microbatches=8/8 clients_done=8/10 clients_started=8/10
2026-10-10T12:32:48.186080+00:00 [clients] round 2/10 [########################] 100.0% microbatches=8/8 clients_done=8/10 clients_started=8/10
2026-10-10T12:32:58.187753+00:00 [clients] round 2/10 [########################] 100.0% microbatches=8/8 clients_done=8/10 clients_started=8/10
2026-10-10T12:33:08.189387+00:00 [clients] round 2/10 [########################] 100.0% microbatches=8/8 clients_done=8/10 clients_started=8/10
2026-10-10T12:33:18.191017+00:00 [clients] round 2/10 [########################] 100.0% microbatches=8/8 clients_done=8/10 clients_started=8/10
2026-10-10T12:33:28.192710+00:00 [clients] round 2/10 [########################] 100.0% microbatches=8/8 clients_done=8/10 clients_started=8/10
2026-10-10T12:33:38.194383+00:00 [clients] round 2/10 [########################] 100.0% microbatches=8/8 clients_done=8/10 clients_started=8/10
2026-10-10T12:33:48.196013+00:00 [clients] round 2/10 [########################] 100.0% microbatches=8/8 clients_done=8/10 clients_started=8/10
2026-10-10T12:33:58.197642+00:00 [clients] round 2/10 [########################] 100.0% microbatches=8/8 clients_done=8/10 clients_started=8/10
2026-10-10T12:34:08.199335+00:00 [clients] round 2/10 [########################] 100.0% microbatches=8/8 clients_done=8/10 clients_started=8/10
2026-10-10T12:34:18.201013+00:00 [clients] round 2/10 [########################] 100.0% microbatches=8/8 clients_done=8/10 clients_started=8/10
2026-10-10T12:34:28.202596+00:00 [clients] round 2/10 [########################] 100.0% microbatches=8/8 clients_done=8/10 clients_started=8/10
2026-10-10T12:34:38.204213+00:00 [clients] round 2/10 [########################] 100.0% microbatches=8/8 clients_done=8/10 clients_started=8/10
2026-10-10T12:34:48.214548+00:00 [clients] round 2/10 [########################] 100.0% microbatches=8/8 clients_done=8/10 clients_started=8/10
2026-10-10T12:34:58.224300+00:00 [clients] round 2/10 [########################] 100.0% microbatches=8/8 clients_done=8/10 clients_started=8/10
2026-10-10T12:35:08.225893+00:00 [clients] round 2/10 [########################] 100.0% microbatches=8/8 clients_done=8/10 clients_started=8/10
2026-10-10T12:35:18.227573+00:00 [clients] round 2/10 [########################] 100.0% microbatches=8/8 clients_done=8/10 clients_started=8/10
2026-10-10T12:35:28.229325+00:00 [clients] round 2/10 [########################] 100.0% microbatches=8/8 clients_done=8/10 clients_started=8/10
2026-10-10T12:35:38.231038+00:00 [clients] round 2/10 [########################] 100.0% microbatches=8/8 clients_done=8/10 clients_started=8/10
2026-10-10T12:35:48.232691+00:00 [clients] round 2/10 [########################] 100.0% microbatches=8/8 clients_done=8/10 clients_started=8/10
2026-10-10T12:35:58.234363+00:00 [clients] round 2/10 [########################] 100.0% microbatches=8/8 clients_done=8/10 clients_started=8/10
2026-10-10T12:36:08.236020+00:00 [clients] round 2/10 [########################] 100.0% microbatches=8/8 clients_done=8/10 clients_started=8/10
2026-10-10T12:36:18.237614+00:00 [clients] round 2/10 [########################] 100.0% microbatches=8/8 clients_done=8/10 clients_started=8/10
2026-10-10T12:36:28.239406+00:00 [clients] round 2/10 [########################] 100.0% microbatches=8/8 clients_done=8/10 clients_started=8/10
2026-10-10T12:36:38.241219+00:00 [clients] round 2/10 [########################] 100.0% microbatches=8/8 clients_done=8/10 clients_started=8/10
2026-10-10T12:36:48.242968+00:00 [clients] round 2/10 [########################] 100.0% microbatches=8/8 clients_done=8/10 clients_started=8/10
2026-10-10T12:36:58.244680+00:00 [clients] round 2/10 [########################] 100.0% microbatches=8/8 clients_done=8/10 clients_started=8/10
2026-10-10T12:37:08.246402+00:00 [clients] round 2/10 [########################] 100.0% microbatches=8/8 clients_done=8/10 clients_started=8/10
2026-10-10T12:37:18.248120+00:00 [clients] round 2/10 [########################] 100.0% microbatches=8/8 clients_done=8/10 clients_started=8/10
2026-10-10T12:37:28.249897+00:00 [clients] round 2/10 [########################] 100.0% microbatches=8/8 clients_done=8/10 clients_started=8/10
2026-10-10T12:37:38.251604+00:00 [clients] round 2/10 [########################] 100.0% microbatches=8/8 clients_done=8/10 clients_started=8/10
2026-10-10T12:37:48.253339+00:00 [clients] round 2/10 [########################] 100.0% microbatches=8/8 clients_done=8/10 clients_started=8/10
2026-10-10T12:37:58.255100+00:00 [clients] round 2/10 [########################] 100.0% microbatches=8/8 clients_done=8/10 clients_started=8/10
2026-10-10T12:38:08.256811+00:00 [clients] round 2/10 [########################] 100.0% microbatches=8/8 clients_done=8/10 clients_started=8/10
2026-10-10T12:38:18.258483+00:00 [clients] round 2/10 [########################] 100.0% microbatches=8/8 clients_done=8/10 clients_started=8/10
2026-10-10T12:38:28.260334+00:00 [clients] round 2/10 [########################] 100.0% microbatches=8/8 clients_done=8/10 clients_started=8/10
2026-10-10T12:38:38.262031+00:00 [clients] round 2/10 [########################] 100.0% microbatches=8/8 clients_done=8/10 clients_started=8/10
2026-10-10T12:38:48.263721+00:00 [clients] round 2/10 [########################] 100.0% microbatches=8/8 clients_done=8/10 clients_started=8/10
2026-10-10T12:38:58.265371+00:00 [clients] round 2/10 [########################] 100.0% microbatches=8/8 clients_done=8/10 clients_started=8/10
2026-10-10T12:39:08.267043+00:00 [clients] round 2/10 [########################] 100.0% microbatches=8/8 clients_done=8/10 clients_started=8/10
2026-10-10T12:39:18.268741+00:00 [clients] round 2/10 [########################] 100.0% microbatches=8/8 clients_done=8/10 clients_started=8/10
2026-10-10T12:39:28.270515+00:00 [clients] round 2/10 [########################] 100.0% microbatches=8/8 clients_done=8/10 clients_started=8/10
2026-10-10T12:39:38.272198+00:00 [clients] round 2/10 [########################] 100.0% microbatches=8/8 clients_done=8/10 clients_started=8/10
2026-10-10T12:39:48.273867+00:00 [clients] round 2/10 [########################] 100.0% microbatches=8/8 clients_done=8/10 clients_started=8/10
2026-10-10T12:39:58.275529+00:00 [clients] round 2/10 [########################] 100.0% microbatches=8/8 clients_done=8/10 clients_started=8/10
2026-10-10T12:40:08.277238+00:00 [clients] round 2/10 [########################] 100.0% microbatches=8/8 clients_done=8/10 clients_started=8/10
2026-10-10T12:40:18.278985+00:00 [clients] round 2/10 [########################] 100.0% microbatches=8/8 clients_done=8/10 clients_started=8/10
2026-10-10T12:40:28.280725+00:00 [clients] round 2/10 [########################] 100.0% microbatches=8/8 clients_done=8/10 clients_started=8/10
2026-10-10T12:40:38.290941+00:00 [clients] round 2/10 [########################] 100.0% microbatches=8/8 clients_done=8/10 clients_started=8/10
2026-10-10T12:40:48.292698+00:00 [clients] round 2/10 [########################] 100.0% microbatches=8/8 clients_done=8/10 clients_started=8/10
2026-10-10T12:40:58.294394+00:00 [clients] round 2/10 [########################] 100.0% microbatches=8/8 clients_done=8/10 clients_started=8/10
2026-10-10T12:41:08.296237+00:00 [clients] round 2/10 [########################] 100.0% microbatches=8/8 clients_done=8/10 clients_started=8/10
2026-10-10T12:41:18.297940+00:00 [clients] round 2/10 [########################] 100.0% microbatches=8/8 clients_done=8/10 clients_started=8/10
2026-10-10T12:41:28.299676+00:00 [clients] round 2/10 [########################] 100.0% microbatches=8/8 clients_done=8/10 clients_started=8/10
2026-10-10T12:41:38.301390+00:00 [clients] round 2/10 [########################] 100.0% microbatches=8/8 clients_done=8/10 clients_started=8/10
2026-10-10T12:41:48.303215+00:00 [clients] round 2/10 [########################] 100.0% microbatches=8/8 clients_done=8/10 clients_started=8/10
2026-10-10T12:41:58.304858+00:00 [clients] round 2/10 [########################] 100.0% microbatches=8/8 clients_done=8/10 clients_started=8/10
2026-10-10T12:42:08.306482+00:00 [clients] round 2/10 [########################] 100.0% microbatches=8/8 clients_done=8/10 clients_started=8/10
2026-10-10T12:42:18.308115+00:00 [clients] round 2/10 [########################] 100.0% microbatches=8/8 clients_done=8/10 clients_started=8/10
2026-10-10T12:42:28.309901+00:00 [clients] round 2/10 [########################] 100.0% microbatches=8/8 clients_done=8/10 clients_started=8/10
2026-10-10T12:42:38.320207+00:00 [clients] round 2/10 [########################] 100.0% microbatches=8/8 clients_done=8/10 clients_started=8/10
2026-10-10T12:42:48.322008+00:00 [clients] round 2/10 [########################] 100.0% microbatches=8/8 clients_done=8/10 clients_started=8/10
2026-10-10T12:42:58.323651+00:00 [clients] round 2/10 [########################] 100.0% microbatches=8/8 clients_done=8/10 clients_started=8/10
2026-10-10T12:43:08.325471+00:00 [clients] round 2/10 [########################] 100.0% microbatches=8/8 clients_done=8/10 clients_started=8/10
2026-10-10T12:43:18.327213+00:00 [clients] round 2/10 [########################] 100.0% microbatches=8/8 clients_done=8/10 clients_started=8/10
2026-10-10T12:43:28.328814+00:00 [clients] round 2/10 [########################] 100.0% microbatches=8/8 clients_done=8/10 clients_started=8/10
2026-10-10T12:43:38.330522+00:00 [clients] round 2/10 [########################] 100.0% microbatches=8/8 clients_done=8/10 clients_started=8/10
2026-10-10T12:43:48.332196+00:00 [clients] round 2/10 [########################] 100.0% microbatches=8/8 clients_done=8/10 clients_started=8/10
2026-10-10T12:43:58.333916+00:00 [clients] round 2/10 [########################] 100.0% microbatches=8/8 clients_done=8/10 clients_started=8/10
2026-10-10T12:44:08.335539+00:00 [clients] round 2/10 [########################] 100.0% microbatches=8/8 clients_done=8/10 clients_started=8/10
2026-10-10T12:44:18.337316+00:00 [clients] round 2/10 [########################] 100.0% microbatches=8/8 clients_done=8/10 clients_started=8/10
2026-10-10T12:44:28.338970+00:00 [clients] round 2/10 [########################] 100.0% microbatches=8/8 clients_done=8/10 clients_started=8/10
2026-10-10T12:44:38.340653+00:00 [clients] round 2/10 [########################] 100.0% microbatches=8/8 clients_done=8/10 clients_started=8/10
2026-10-10T12:44:48.342484+00:00 [clients] round 2/10 [########################] 100.0% microbatches=8/8 clients_done=8/10 clients_started=8/10
2026-10-10T12:44:58.344206+00:00 [clients] round 2/10 [########################] 100.0% microbatches=8/8 clients_done=8/10 clients_started=8/10
2026-10-10T12:45:08.345858+00:00 [clients] round 2/10 [########################] 100.0% microbatches=8/8 clients_done=8/10 clients_started=8/10
2026-10-10T12:45:18.347499+00:00 [clients] round 2/10 [########################] 100.0% microbatches=8/8 clients_done=8/10 clients_started=8/10
2026-10-10T12:45:28.349120+00:00 [clients] round 2/10 [########################] 100.0% microbatches=8/8 clients_done=8/10 clients_started=8/10
2026-10-10T12:45:38.350921+00:00 [clients] round 2/10 [########################] 100.0% microbatches=8/8 clients_done=8/10 clients_started=8/10
2026-10-10T12:45:48.352527+00:00 [clients] round 2/10 [########################] 100.0% microbatches=8/8 clients_done=8/10 clients_started=8/10
2026-10-10T12:45:58.354111+00:00 [clients] round 2/10 [########################] 100.0% microbatches=8/8 clients_done=8/10 clients_started=8/10
2026-10-10T12:46:08.355759+00:00 [clients] round 2/10 [########################] 100.0% microbatches=8/8 clients_done=8/10 clients_started=8/10
2026-10-10T12:46:18.357526+00:00 [clients] round 2/10 [########################] 100.0% microbatches=8/8 clients_done=8/10 clients_started=8/10
2026-10-10T12:46:28.359138+00:00 [clients] round 2/10 [########################] 100.0% microbatches=8/8 clients_done=8/10 clients_started=8/10
2026-10-10T12:46:38.360760+00:00 [clients] round 2/10 [########################] 100.0% microbatches=8/8 clients_done=8/10 clients_started=8/10
2026-10-10T12:46:48.362807+00:00 [clients] round 2/10 [########################] 100.0% microbatches=8/8 clients_done=8/10 clients_started=8/10
2026-10-10T12:46:58.365566+00:00 [clients] round 2/10 [########################] 100.0% microbatches=8/8 clients_done=8/10 clients_started=8/10
2026-10-10T12:47:08.368341+00:00 [clients] round 2/10 [########################] 100.0% microbatches=8/8 clients_done=8/10 clients_started=8/10
2026-10-10T12:47:18.370476+00:00 [clients] round 2/10 [########################] 100.0% microbatches=8/8 clients_done=8/10 clients_started=8/10
2026-10-10T12:47:28.372181+00:00 [clients] round 2/10 [########################] 100.0% microbatches=8/8 clients_done=8/10 clients_started=8/10
2026-10-10T12:47:38.373906+00:00 [clients] round 2/10 [########################] 100.0% microbatches=8/8 clients_done=8/10 clients_started=8/10
2026-10-10T12:47:48.375538+00:00 [clients] round 2/10 [########################] 100.0% microbatches=8/8 clients_done=8/10 clients_started=8/10
2026-10-10T12:47:58.377172+00:00 [clients] round 2/10 [########################] 100.0% microbatches=8/8 clients_done=8/10 clients_started=8/10
2026-10-10T12:48:08.378860+00:00 [clients] round 2/10 [########################] 100.0% microbatches=8/8 clients_done=8/10 clients_started=8/10
2026-10-10T12:48:18.380515+00:00 [clients] round 2/10 [########################] 100.0% microbatches=8/8 clients_done=8/10 clients_started=8/10
2026-10-10T12:48:28.382150+00:00 [clients] round 2/10 [########################] 100.0% microbatches=8/8 clients_done=8/10 clients_started=8/10
2026-10-10T12:48:38.383815+00:00 [clients] round 2/10 [########################] 100.0% microbatches=8/8 clients_done=8/10 clients_started=8/10
2026-10-10T12:48:48.385535+00:00 [clients] round 2/10 [########################] 100.0% microbatches=8/8 clients_done=8/10 clients_started=8/10
2026-10-10T12:48:58.387172+00:00 [clients] round 2/10 [########################] 100.0% microbatches=8/8 clients_done=8/10 clients_started=8/10
2026-10-10T12:49:08.388817+00:00 [clients] round 2/10 [########################] 100.0% microbatches=8/8 clients_done=8/10 clients_started=8/10
2026-10-10T12:49:18.390570+00:00 [clients] round 2/10 [########################] 100.0% microbatches=8/8 clients_done=8/10 clients_started=8/10
2026-10-10T12:49:28.392234+00:00 [clients] round 2/10 [########################] 100.0% microbatches=8/8 clients_done=8/10 clients_started=8/10
2026-10-10T12:49:38.393949+00:00 [clients] round 2/10 [########################] 100.0% microbatches=8/8 clients_done=8/10 clients_started=8/10
2026-10-10T12:49:48.396756+00:00 [clients] round 2/10 [########################] 100.0% microbatches=8/8 clients_done=8/10 clients_started=8/10
2026-10-10T12:49:58.399089+00:00 [clients] round 2/10 [########################] 100.0% microbatches=8/8 clients_done=8/10 clients_started=8/10
2026-10-10T12:50:08.400701+00:00 [clients] round 2/10 [########################] 100.0% microbatches=8/8 clients_done=8/10 clients_started=8/10
2026-10-10T12:50:18.403268+00:00 [clients] round 2/10 [########################] 100.0% microbatches=8/8 clients_done=8/10 clients_started=8/10
2026-10-10T12:50:28.404980+00:00 [clients] round 2/10 [########################] 100.0% microbatches=8/8 clients_done=8/10 clients_started=8/10
2026-10-10T12:50:38.406636+00:00 [clients] round 2/10 [########################] 100.0% microbatches=8/8 clients_done=8/10 clients_started=8/10
2026-10-10T12:50:48.408264+00:00 [clients] round 2/10 [########################] 100.0% microbatches=8/8 clients_done=8/10 clients_started=8/10
2026-10-10T12:50:58.409887+00:00 [clients] round 2/10 [########################] 100.0% microbatches=8/8 clients_done=8/10 clients_started=8/10
2026-10-10T12:51:08.411552+00:00 [clients] round 2/10 [########################] 100.0% microbatches=8/8 clients_done=8/10 clients_started=8/10
2026-10-10T12:51:18.413251+00:00 [clients] round 2/10 [########################] 100.0% microbatches=8/8 clients_done=8/10 clients_started=8/10
2026-10-10T12:51:28.414909+00:00 [clients] round 2/10 [########################] 100.0% microbatches=8/8 clients_done=8/10 clients_started=8/10
2026-10-10T12:51:38.416597+00:00 [clients] round 2/10 [########################] 100.0% microbatches=8/8 clients_done=8/10 clients_started=8/10
2026-10-10T12:51:48.418168+00:00 [clients] round 2/10 [########################] 100.0% microbatches=8/8 clients_done=8/10 clients_started=8/10
2026-10-10T12:51:58.419800+00:00 [clients] round 2/10 [########################] 100.0% microbatches=8/8 clients_done=8/10 clients_started=8/10
2026-10-10T12:52:08.421402+00:00 [clients] round 2/10 [########################] 100.0% microbatches=8/8 clients_done=8/10 clients_started=8/10
2026-10-10T12:52:18.423052+00:00 [clients] round 2/10 [########################] 100.0% microbatches=8/8 clients_done=8/10 clients_started=8/10
2026-10-10T12:52:28.424724+00:00 [clients] round 2/10 [########################] 100.0% microbatches=8/8 clients_done=8/10 clients_started=8/10
2026-10-10T12:52:38.426296+00:00 [clients] round 2/10 [########################] 100.0% microbatches=8/8 clients_done=8/10 clients_started=8/10
2026-10-10T12:52:48.427868+00:00 [clients] round 2/10 [########################] 100.0% microbatches=8/8 clients_done=8/10 clients_started=8/10
2026-10-10T12:52:58.429608+00:00 [clients] round 2/10 [########################] 100.0% microbatches=8/8 clients_done=8/10 clients_started=8/10
2026-10-10T12:53:08.431425+00:00 [clients] round 2/10 [########################] 100.0% microbatches=8/8 clients_done=8/10 clients_started=8/10
2026-10-10T12:53:18.433099+00:00 [clients] round 2/10 [########################] 100.0% microbatches=8/8 clients_done=8/10 clients_started=8/10
2026-10-10T12:53:28.434849+00:00 [clients] round 2/10 [########################] 100.0% microbatches=8/8 clients_done=8/10 clients_started=8/10
2026-10-10T12:53:38.436513+00:00 [clients] round 2/10 [########################] 100.0% microbatches=8/8 clients_done=8/10 clients_started=8/10
2026-10-10T12:53:48.438177+00:00 [clients] round 2/10 [########################] 100.0% microbatches=8/8 clients_done=8/10 clients_started=8/10
2026-10-10T12:53:58.440461+00:00 [clients] round 2/10 [########################] 100.0% microbatches=8/8 clients_done=8/10 clients_started=8/10
2026-10-10T12:54:08.442038+00:00 [clients] round 2/10 [########################] 100.0% microbatches=8/8 clients_done=8/10 clients_started=8/10
2026-10-10T12:54:18.443715+00:00 [clients] round 2/10 [########################] 100.0% microbatches=8/8 clients_done=8/10 clients_started=8/10
2026-10-10T12:54:28.445466+00:00 [clients] round 2/10 [########################] 100.0% microbatches=8/8 clients_done=8/10 clients_started=8/10
2026-10-10T12:54:38.447088+00:00 [clients] round 2/10 [########################] 100.0% microbatches=8/8 clients_done=8/10 clients_started=8/10
2026-10-10T12:54:48.448716+00:00 [clients] round 2/10 [########################] 100.0% microbatches=8/8 clients_done=8/10 clients_started=8/10
2026-10-10T12:54:58.450418+00:00 [clients] round 2/10 [########################] 100.0% microbatches=8/8 clients_done=8/10 clients_started=8/10
2026-10-10T12:55:08.452130+00:00 [clients] round 2/10 [########################] 100.0% microbatches=8/8 clients_done=8/10 clients_started=8/10
2026-10-10T12:55:18.453787+00:00 [clients] round 2/10 [########################] 100.0% microbatches=8/8 clients_done=8/10 clients_started=8/10
2026-10-10T12:55:28.455415+00:00 [clients] round 2/10 [########################] 100.0% microbatches=8/8 clients_done=8/10 clients_started=8/10
2026-10-10T12:55:38.457056+00:00 [clients] round 2/10 [########################] 100.0% microbatches=8/8 clients_done=8/10 clients_started=8/10
2026-10-10T12:55:48.459059+00:00 [clients] round 2/10 [########################] 100.0% microbatches=8/8 clients_done=8/10 clients_started=8/10
2026-10-10T12:55:58.460814+00:00 [clients] round 2/10 [########################] 100.0% microbatches=8/8 clients_done=8/10 clients_started=8/10
2026-10-10T12:56:08.462562+00:00 [clients] round 2/10 [########################] 100.0% microbatches=8/8 clients_done=8/10 clients_started=8/10
2026-10-10T12:56:18.464317+00:00 [clients] round 2/10 [########################] 100.0% microbatches=8/8 clients_done=8/10 clients_started=8/10
2026-10-10T12:56:28.466005+00:00 [clients] round 2/10 [########################] 100.0% microbatches=8/8 clients_done=8/10 clients_started=8/10
2026-10-10T12:56:38.467755+00:00 [clients] round 2/10 [########################] 100.0% microbatches=8/8 clients_done=8/10 clients_started=8/10
2026-10-10T12:56:48.469486+00:00 [clients] round 2/10 [########################] 100.0% microbatches=8/8 clients_done=8/10 clients_started=8/10
2026-10-10T12:56:58.479835+00:00 [clients] round 2/10 [########################] 100.0% microbatches=8/8 clients_done=8/10 clients_started=8/10
2026-10-10T12:57:08.481517+00:00 [clients] round 2/10 [########################] 100.0% microbatches=8/8 clients_done=8/10 clients_started=8/10
2026-10-10T12:57:18.483213+00:00 [clients] round 2/10 [########################] 100.0% microbatches=8/8 clients_done=8/10 clients_started=8/10
2026-10-10T12:57:28.484904+00:00 [clients] round 2/10 [########################] 100.0% microbatches=8/8 clients_done=8/10 clients_started=8/10
2026-10-10T12:57:38.486608+00:00 [clients] round 2/10 [########################] 100.0% microbatches=8/8 clients_done=8/10 clients_started=8/10
2026-10-10T12:57:48.488246+00:00 [clients] round 2/10 [########################] 100.0% microbatches=8/8 clients_done=8/10 clients_started=8/10
2026-10-10T12:57:58.489945+00:00 [clients] round 2/10 [########################] 100.0% microbatches=8/8 clients_done=8/10 clients_started=8/10
2026-10-10T12:58:08.491949+00:00 [clients] round 2/10 [########################] 100.0% microbatches=8/8 clients_done=8/10 clients_started=8/10
2026-10-10T12:58:18.493927+00:00 [clients] round 2/10 [########################] 100.0% microbatches=8/8 clients_done=8/10 clients_started=8/10
2026-10-10T12:58:28.495577+00:00 [clients] round 2/10 [########################] 100.0% microbatches=8/8 clients_done=8/10 clients_started=8/10
2026-10-10T12:58:38.505671+00:00 [clients] round 2/10 [########################] 100.0% microbatches=8/8 clients_done=8/10 clients_started=8/10
2026-10-10T12:58:48.507456+00:00 [clients] round 2/10 [########################] 100.0% microbatches=8/8 clients_done=8/10 clients_started=8/10
2026-10-10T12:58:58.509147+00:00 [clients] round 2/10 [########################] 100.0% microbatches=8/8 clients_done=8/10 clients_started=8/10
2026-10-10T12:59:08.510785+00:00 [clients] round 2/10 [########################] 100.0% microbatches=8/8 clients_done=8/10 clients_started=8/10
2026-10-10T12:59:18.512419+00:00 [clients] round 2/10 [########################] 100.0% microbatches=8/8 clients_done=8/10 clients_started=8/10
2026-10-10T12:59:28.514041+00:00 [clients] round 2/10 [########################] 100.0% microbatches=8/8 clients_done=8/10 clients_started=8/10
2026-10-10T12:59:38.515713+00:00 [clients] round 2/10 [########################] 100.0% microbatches=8/8 clients_done=8/10 clients_started=8/10
2026-10-10T12:59:48.517345+00:00 [clients] round 2/10 [########################] 100.0% microbatches=8/8 clients_done=8/10 clients_started=8/10
2026-10-10T12:59:58.518961+00:00 [clients] round 2/10 [########################] 100.0% microbatches=8/8 clients_done=8/10 clients_started=8/10
2026-10-10T13:00:08.520776+00:00 [clients] round 2/10 [########################] 100.0% microbatches=8/8 clients_done=8/10 clients_started=8/10
2026-10-10T13:00:18.522560+00:00 [clients] round 2/10 [########################] 100.0% microbatches=8/8 clients_done=8/10 clients_started=8/10
2026-10-10T13:00:28.524199+00:00 [clients] round 2/10 [########################] 100.0% microbatches=8/8 clients_done=8/10 clients_started=8/10
2026-10-10T13:00:38.525954+00:00 [clients] round 2/10 [########################] 100.0% microbatches=8/8 clients_done=8/10 clients_started=8/10
2026-10-10T13:00:48.527785+00:00 [clients] round 2/10 [########################] 100.0% microbatches=8/8 clients_done=8/10 clients_started=8/10
2026-10-10T13:00:58.535081+00:00 [clients] round 2/10 [########################] 100.0% microbatches=8/8 clients_done=8/10 clients_started=8/10
2026-10-10T13:01:08.537767+00:00 [clients] round 2/10 [########################] 100.0% microbatches=8/8 clients_done=8/10 clients_started=8/10
2026-10-10T13:01:18.539723+00:00 [clients] round 2/10 [########################] 100.0% microbatches=8/8 clients_done=8/10 clients_started=8/10
2026-10-10T13:01:28.541400+00:00 [clients] round 2/10 [########################] 100.0% microbatches=8/8 clients_done=8/10 clients_started=8/10
2026-10-10T13:01:38.543166+00:00 [clients] round 2/10 [########################] 100.0% microbatches=8/8 clients_done=8/10 clients_started=8/10
2026-10-10T13:01:48.544998+00:00 [clients] round 2/10 [########################] 100.0% microbatches=8/8 clients_done=8/10 clients_started=8/10
2026-10-10T13:01:58.546808+00:00 [clients] round 2/10 [########################] 100.0% microbatches=8/8 clients_done=8/10 clients_started=8/10
2026-10-10T13:02:08.548587+00:00 [clients] round 2/10 [########################] 100.0% microbatches=8/8 clients_done=8/10 clients_started=8/10
2026-10-10T13:02:18.550279+00:00 [clients] round 2/10 [########################] 100.0% microbatches=8/8 clients_done=8/10 clients_started=8/10
2026-10-10T13:02:28.551992+00:00 [clients] round 2/10 [########################] 100.0% microbatches=8/8 clients_done=8/10 clients_started=8/10
2026-10-10T13:02:38.553620+00:00 [clients] round 2/10 [########################] 100.0% microbatches=8/8 clients_done=8/10 clients_started=8/10
2026-10-10T13:02:48.555282+00:00 [clients] round 2/10 [########################] 100.0% microbatches=8/8 clients_done=8/10 clients_started=8/10
2026-10-10T13:02:58.557012+00:00 [clients] round 2/10 [########################] 100.0% microbatches=8/8 clients_done=8/10 clients_started=8/10
2026-10-10T13:03:08.558796+00:00 [clients] round 2/10 [########################] 100.0% microbatches=8/8 clients_done=8/10 clients_started=8/10
2026-10-10T13:03:18.560611+00:00 [clients] round 2/10 [########################] 100.0% microbatches=8/8 clients_done=8/10 clients_started=8/10
2026-10-10T13:03:28.562330+00:00 [clients] round 2/10 [########################] 100.0% microbatches=8/8 clients_done=8/10 clients_started=8/10
2026-10-10T13:03:38.563986+00:00 [clients] round 2/10 [########################] 100.0% microbatches=8/8 clients_done=8/10 clients_started=8/10
2026-10-10T13:03:48.565775+00:00 [clients] round 2/10 [########################] 100.0% microbatches=8/8 clients_done=8/10 clients_started=8/10
2026-10-10T13:03:58.567458+00:00 [clients] round 2/10 [########################] 100.0% microbatches=8/8 clients_done=8/10 clients_started=8/10
2026-10-10T13:04:08.569081+00:00 [clients] round 2/10 [########################] 100.0% microbatches=8/8 clients_done=8/10 clients_started=8/10
2026-10-10T13:04:18.570694+00:00 [clients] round 2/10 [########################] 100.0% microbatches=8/8 clients_done=8/10 clients_started=8/10
2026-10-10T13:04:28.572550+00:00 [clients] round 2/10 [########################] 100.0% microbatches=8/8 clients_done=8/10 clients_started=8/10
2026-10-10T13:04:38.574393+00:00 [clients] round 2/10 [########################] 100.0% microbatches=8/8 clients_done=8/10 clients_started=8/10
2026-10-10T13:04:48.576192+00:00 [clients] round 2/10 [########################] 100.0% microbatches=8/8 clients_done=8/10 clients_started=8/10
2026-10-10T13:04:58.577989+00:00 [clients] round 2/10 [########################] 100.0% microbatches=8/8 clients_done=8/10 clients_started=8/10
2026-10-10T13:05:08.579642+00:00 [clients] round 2/10 [########################] 100.0% microbatches=8/8 clients_done=8/10 clients_started=8/10
2026-10-10T13:05:18.581291+00:00 [clients] round 2/10 [########################] 100.0% microbatches=8/8 clients_done=8/10 clients_started=8/10
2026-10-10T13:05:28.582953+00:00 [clients] round 2/10 [########################] 100.0% microbatches=8/8 clients_done=8/10 clients_started=8/10
2026-10-10T13:05:38.584624+00:00 [clients] round 2/10 [########################] 100.0% microbatches=8/8 clients_done=8/10 clients_started=8/10
2026-10-10T13:05:48.586264+00:00 [clients] round 2/10 [########################] 100.0% microbatches=8/8 clients_done=8/10 clients_started=8/10
2026-10-10T13:05:58.587905+00:00 [clients] round 2/10 [########################] 100.0% microbatches=8/8 clients_done=8/10 clients_started=8/10
2026-10-10T13:06:08.589528+00:00 [clients] round 2/10 [########################] 100.0% microbatches=8/8 clients_done=8/10 clients_started=8/10
2026-10-10T13:06:18.591220+00:00 [clients] round 2/10 [########################] 100.0% microbatches=8/8 clients_done=8/10 clients_started=8/10
2026-10-10T13:06:28.592920+00:00 [clients] round 2/10 [########################] 100.0% microbatches=8/8 clients_done=8/10 clients_started=8/10
2026-10-10T13:06:38.594587+00:00 [clients] round 2/10 [########################] 100.0% microbatches=8/8 clients_done=8/10 clients_started=8/10
2026-10-10T13:06:48.596289+00:00 [clients] round 2/10 [########################] 100.0% microbatches=8/8 clients_done=8/10 clients_started=8/10
2026-10-10T13:06:58.597898+00:00 [clients] round 2/10 [########################] 100.0% microbatches=8/8 clients_done=8/10 clients_started=8/10
2026-10-10T13:07:08.599536+00:00 [clients] round 2/10 [########################] 100.0% microbatches=8/8 clients_done=8/10 clients_started=8/10
2026-10-10T13:07:18.601206+00:00 [clients] round 2/10 [########################] 100.0% microbatches=8/8 clients_done=8/10 clients_started=8/10
2026-10-10T13:07:28.602844+00:00 [clients] round 2/10 [########################] 100.0% microbatches=8/8 clients_done=8/10 clients_started=8/10
2026-10-10T13:07:38.604669+00:00 [clients] round 2/10 [########################] 100.0% microbatches=8/8 clients_done=8/10 clients_started=8/10
2026-10-10T13:07:48.606537+00:00 [clients] round 2/10 [########################] 100.0% microbatches=8/8 clients_done=8/10 clients_started=8/10
2026-10-10T13:07:58.608271+00:00 [clients] round 2/10 [########################] 100.0% microbatches=8/8 clients_done=8/10 clients_started=8/10
2026-10-10T13:08:08.614450+00:00 [clients] round 2/10 [########################] 100.0% microbatches=8/8 clients_done=8/10 clients_started=8/10
2026-10-10T13:08:18.616121+00:00 [clients] round 2/10 [########################] 100.0% microbatches=8/8 clients_done=8/10 clients_started=8/10
2026-10-10T13:08:28.617807+00:00 [clients] round 2/10 [########################] 100.0% microbatches=8/8 clients_done=8/10 clients_started=8/10
2026-10-10T13:08:38.619520+00:00 [clients] round 2/10 [########################] 100.0% microbatches=8/8 clients_done=8/10 clients_started=8/10
2026-10-10T13:08:48.621126+00:00 [clients] round 2/10 [########################] 100.0% microbatches=8/8 clients_done=8/10 clients_started=8/10
2026-10-10T13:08:58.622833+00:00 [clients] round 2/10 [########################] 100.0% microbatches=8/8 clients_done=8/10 clients_started=8/10
2026-10-10T13:09:08.624473+00:00 [clients] round 2/10 [########################] 100.0% microbatches=8/8 clients_done=8/10 clients_started=8/10
2026-10-10T13:09:18.626070+00:00 [clients] round 2/10 [########################] 100.0% microbatches=8/8 clients_done=8/10 clients_started=8/10
2026-10-10T13:09:28.627694+00:00 [clients] round 2/10 [########################] 100.0% microbatches=8/8 clients_done=8/10 clients_started=8/10
2026-10-10T13:09:38.629422+00:00 [clients] round 2/10 [########################] 100.0% microbatches=8/8 clients_done=8/10 clients_started=8/10
2026-10-10T13:09:48.631049+00:00 [clients] round 2/10 [########################] 100.0% microbatches=8/8 clients_done=8/10 clients_started=8/10
2026-10-10T13:09:58.632870+00:00 [clients] round 2/10 [########################] 100.0% microbatches=8/8 clients_done=8/10 clients_started=8/10
2026-10-10T13:10:08.634512+00:00 [clients] round 2/10 [########################] 100.0% microbatches=8/8 clients_done=8/10 clients_started=8/10
2026-10-10T13:10:18.636183+00:00 [clients] round 2/10 [########################] 100.0% microbatches=8/8 clients_done=8/10 clients_started=8/10
2026-10-10T13:10:28.637768+00:00 [clients] round 2/10 [########################] 100.0% microbatches=8/8 clients_done=8/10 clients_started=8/10
2026-10-10T13:10:38.639413+00:00 [clients] round 2/10 [########################] 100.0% microbatches=8/8 clients_done=8/10 clients_started=8/10
2026-10-10T13:10:48.641070+00:00 [clients] round 2/10 [########################] 100.0% microbatches=8/8 clients_done=8/10 clients_started=8/10
2026-10-10T13:10:58.642778+00:00 [clients] round 2/10 [########################] 100.0% microbatches=8/8 clients_done=8/10 clients_started=8/10
2026-10-10T13:11:08.644486+00:00 [clients] round 2/10 [########################] 100.0% microbatches=8/8 clients_done=8/10 clients_started=8/10
2026-10-10T13:11:18.646192+00:00 [clients] round 2/10 [########################] 100.0% microbatches=8/8 clients_done=8/10 clients_started=8/10
2026-10-10T13:11:28.647832+00:00 [clients] round 2/10 [########################] 100.0% microbatches=8/8 clients_done=8/10 clients_started=8/10
2026-10-10T13:11:38.649439+00:00 [clients] round 2/10 [########################] 100.0% microbatches=8/8 clients_done=8/10 clients_started=8/10
2026-10-10T13:11:48.651069+00:00 [clients] round 2/10 [########################] 100.0% microbatches=8/8 clients_done=8/10 clients_started=8/10
2026-10-10T13:11:58.652967+00:00 [clients] round 2/10 [########################] 100.0% microbatches=8/8 clients_done=8/10 clients_started=8/10
2026-10-10T13:12:08.654774+00:00 [clients] round 2/10 [########################] 100.0% microbatches=8/8 clients_done=8/10 clients_started=8/10
2026-10-10T13:12:18.656410+00:00 [clients] round 2/10 [########################] 100.0% microbatches=8/8 clients_done=8/10 clients_started=8/10
2026-10-10T13:12:28.658061+00:00 [clients] round 2/10 [########################] 100.0% microbatches=8/8 clients_done=8/10 clients_started=8/10
2026-10-10T13:12:38.659803+00:00 [clients] round 2/10 [########################] 100.0% microbatches=8/8 clients_done=8/10 clients_started=8/10
2026-10-10T13:12:48.661497+00:00 [clients] round 2/10 [########################] 100.0% microbatches=8/8 clients_done=8/10 clients_started=8/10
2026-10-10T13:12:58.663144+00:00 [clients] round 2/10 [########################] 100.0% microbatches=8/8 clients_done=8/10 clients_started=8/10
2026-10-10T13:13:08.664817+00:00 [clients] round 2/10 [########################] 100.0% microbatches=8/8 clients_done=8/10 clients_started=8/10
2026-10-10T13:13:18.666463+00:00 [clients] round 2/10 [########################] 100.0% microbatches=8/8 clients_done=8/10 clients_started=8/10
2026-10-10T13:13:28.668165+00:00 [clients] round 2/10 [########################] 100.0% microbatches=8/8 clients_done=8/10 clients_started=8/10
2026-10-10T13:13:38.669748+00:00 [clients] round 2/10 [########################] 100.0% microbatches=8/8 clients_done=8/10 clients_started=8/10
2026-10-10T13:13:48.671361+00:00 [clients] round 2/10 [########################] 100.0% microbatches=8/8 clients_done=8/10 clients_started=8/10
2026-10-10T13:13:58.672995+00:00 [clients] round 2/10 [########################] 100.0% microbatches=8/8 clients_done=8/10 clients_started=8/10
2026-10-10T13:14:08.674575+00:00 [clients] round 2/10 [########################] 100.0% microbatches=8/8 clients_done=8/10 clients_started=8/10
2026-10-10T13:14:18.676338+00:00 [clients] round 2/10 [########################] 100.0% microbatches=8/8 clients_done=8/10 clients_started=8/10
2026-10-10T13:14:28.678082+00:00 [clients] round 2/10 [########################] 100.0% microbatches=8/8 clients_done=8/10 clients_started=8/10
2026-10-10T13:14:38.679734+00:00 [clients] round 2/10 [########################] 100.0% microbatches=8/8 clients_done=8/10 clients_started=8/10
2026-10-10T13:14:48.681370+00:00 [clients] round 2/10 [########################] 100.0% microbatches=8/8 clients_done=8/10 clients_started=8/10
2026-10-10T13:14:58.683109+00:00 [clients] round 2/10 [########################] 100.0% microbatches=8/8 clients_done=8/10 clients_started=8/10
2026-10-10T13:15:08.684811+00:00 [clients] round 2/10 [########################] 100.0% microbatches=8/8 clients_done=8/10 clients_started=8/10
2026-10-10T13:15:18.686405+00:00 [clients] round 2/10 [########################] 100.0% microbatches=8/8 clients_done=8/10 clients_started=8/10
2026-10-10T13:15:28.688048+00:00 [clients] round 2/10 [########################] 100.0% microbatches=8/8 clients_done=8/10 clients_started=8/10
2026-10-10T13:15:38.689747+00:00 [clients] round 2/10 [########################] 100.0% microbatches=8/8 clients_done=8/10 clients_started=8/10
2026-10-10T13:15:48.691472+00:00 [clients] round 2/10 [########################] 100.0% microbatches=8/8 clients_done=8/10 clients_started=8/10
2026-10-10T13:15:58.693062+00:00 [clients] round 2/10 [########################] 100.0% microbatches=8/8 clients_done=8/10 clients_started=8/10
2026-10-10T13:16:08.694678+00:00 [clients] round 2/10 [########################] 100.0% microbatches=8/8 clients_done=8/10 clients_started=8/10
2026-10-10T13:16:18.696356+00:00 [clients] round 2/10 [########################] 100.0% microbatches=8/8 clients_done=8/10 clients_started=8/10
2026-10-10T13:16:28.697950+00:00 [clients] round 2/10 [########################] 100.0% microbatches=8/8 clients_done=8/10 clients_started=8/10
2026-10-10T13:16:38.699531+00:00 [clients] round 2/10 [########################] 100.0% microbatches=8/8 clients_done=8/10 clients_started=8/10
2026-10-10T13:16:48.701128+00:00 [clients] round 2/10 [########################] 100.0% microbatches=8/8 clients_done=8/10 clients_started=8/10
2026-10-10T13:16:58.702692+00:00 [clients] round 2/10 [########################] 100.0% microbatches=8/8 clients_done=8/10 clients_started=8/10
2026-10-10T13:17:08.704619+00:00 [clients] round 2/10 [########################] 100.0% microbatches=8/8 clients_done=8/10 clients_started=8/10
2026-10-10T13:17:18.706207+00:00 [clients] round 2/10 [########################] 100.0% microbatches=8/8 clients_done=8/10 clients_started=8/10
2026-10-10T13:17:28.707841+00:00 [clients] round 2/10 [########################] 100.0% microbatches=8/8 clients_done=8/10 clients_started=8/10
2026-10-10T13:17:38.709409+00:00 [clients] round 2/10 [########################] 100.0% microbatches=8/8 clients_done=8/10 clients_started=8/10
2026-10-10T13:17:48.711054+00:00 [clients] round 2/10 [########################] 100.0% microbatches=8/8 clients_done=8/10 clients_started=8/10
2026-10-10T13:17:58.712669+00:00 [clients] round 2/10 [########################] 100.0% microbatches=8/8 clients_done=8/10 clients_started=8/10
2026-10-10T13:18:08.714291+00:00 [clients] round 2/10 [########################] 100.0% microbatches=8/8 clients_done=8/10 clients_started=8/10
2026-10-10T13:18:18.715826+00:00 [clients] round 2/10 [########################] 100.0% microbatches=8/8 clients_done=8/10 clients_started=8/10
2026-10-10T13:18:28.717567+00:00 [clients] round 2/10 [########################] 100.0% microbatches=8/8 clients_done=8/10 clients_started=8/10
2026-10-10T13:18:38.719160+00:00 [clients] round 2/10 [########################] 100.0% microbatches=8/8 clients_done=8/10 clients_started=8/10
2026-10-10T13:18:48.720783+00:00 [clients] round 2/10 [########################] 100.0% microbatches=8/8 clients_done=8/10 clients_started=8/10
2026-10-10T13:18:58.722407+00:00 [clients] round 2/10 [########################] 100.0% microbatches=8/8 clients_done=8/10 clients_started=8/10
2026-10-10T13:19:08.724100+00:00 [clients] round 2/10 [########################] 100.0% microbatches=8/8 clients_done=8/10 clients_started=8/10
2026-10-10T13:19:18.725721+00:00 [clients] round 2/10 [########################] 100.0% microbatches=8/8 clients_done=8/10 clients_started=8/10
2026-10-10T13:19:28.727372+00:00 [clients] round 2/10 [########################] 100.0% microbatches=8/8 clients_done=8/10 clients_started=8/10
2026-10-10T13:19:38.729096+00:00 [clients] round 2/10 [########################] 100.0% microbatches=8/8 clients_done=8/10 clients_started=8/10
2026-10-10T13:19:48.730811+00:00 [clients] round 2/10 [########################] 100.0% microbatches=8/8 clients_done=8/10 clients_started=8/10
2026-10-10T13:19:58.732429+00:00 [clients] round 2/10 [########################] 100.0% microbatches=8/8 clients_done=8/10 clients_started=8/10
2026-10-10T13:20:08.734014+00:00 [clients] round 2/10 [########################] 100.0% microbatches=8/8 clients_done=8/10 clients_started=8/10
2026-10-10T13:20:18.735798+00:00 [clients] round 2/10 [########################] 100.0% microbatches=8/8 clients_done=8/10 clients_started=8/10
2026-10-10T13:20:28.737780+00:00 [clients] round 2/10 [########################] 100.0% microbatches=8/8 clients_done=8/10 clients_started=8/10
2026-10-10T13:20:38.739443+00:00 [clients] round 2/10 [########################] 100.0% microbatches=8/8 clients_done=8/10 clients_started=8/10
2026-10-10T13:20:48.741303+00:00 [clients] round 2/10 [########################] 100.0% microbatches=8/8 clients_done=8/10 clients_started=8/10
2026-10-10T13:20:58.742948+00:00 [clients] round 2/10 [########################] 100.0% microbatches=8/8 clients_done=8/10 clients_started=8/10
2026-10-10T13:21:08.744595+00:00 [clients] round 2/10 [########################] 100.0% microbatches=8/8 clients_done=8/10 clients_started=8/10
2026-10-10T13:21:18.746155+00:00 [clients] round 2/10 [########################] 100.0% microbatches=8/8 clients_done=8/10 clients_started=8/10
2026-10-10T13:21:28.748066+00:00 [clients] round 2/10 [########################] 100.0% microbatches=8/8 clients_done=8/10 clients_started=8/10
2026-10-10T13:21:38.749698+00:00 [clients] round 2/10 [########################] 100.0% microbatches=8/8 clients_done=8/10 clients_started=8/10
2026-10-10T13:21:48.751273+00:00 [clients] round 2/10 [########################] 100.0% microbatches=8/8 clients_done=8/10 clients_started=8/10
2026-10-10T13:21:58.752975+00:00 [clients] round 2/10 [########################] 100.0% microbatches=8/8 clients_done=8/10 clients_started=8/10
2026-10-10T13:22:08.754751+00:00 [clients] round 2/10 [########################] 100.0% microbatches=8/8 clients_done=8/10 clients_started=8/10
2026-10-10T13:22:18.756445+00:00 [clients] round 2/10 [########################] 100.0% microbatches=8/8 clients_done=8/10 clients_started=8/10
2026-10-10T13:22:28.758053+00:00 [clients] round 2/10 [########################] 100.0% microbatches=8/8 clients_done=8/10 clients_started=8/10
2026-10-10T13:22:38.759692+00:00 [clients] round 2/10 [########################] 100.0% microbatches=8/8 clients_done=8/10 clients_started=8/10
2026-10-10T13:22:48.761650+00:00 [clients] round 2/10 [########################] 100.0% microbatches=8/8 clients_done=8/10 clients_started=8/10
2026-10-10T13:22:58.763332+00:00 [clients] round 2/10 [########################] 100.0% microbatches=8/8 clients_done=8/10 clients_started=8/10
2026-10-10T13:23:08.764970+00:00 [clients] round 2/10 [########################] 100.0% microbatches=8/8 clients_done=8/10 clients_started=8/10
2026-10-10T13:23:18.766521+00:00 [clients] round 2/10 [########################] 100.0% microbatches=8/8 clients_done=8/10 clients_started=8/10
2026-10-10T13:23:28.768325+00:00 [clients] round 2/10 [########################] 100.0% microbatches=8/8 clients_done=8/10 clients_started=8/10
2026-10-10T13:23:38.778505+00:00 [clients] round 2/10 [########################] 100.0% microbatches=8/8 clients_done=8/10 clients_started=8/10
2026-10-10T13:23:48.780251+00:00 [clients] round 2/10 [########################] 100.0% microbatches=8/8 clients_done=8/10 clients_started=8/10
2026-10-10T13:23:58.781834+00:00 [clients] round 2/10 [########################] 100.0% microbatches=8/8 clients_done=8/10 clients_started=8/10
2026-10-10T13:24:08.783442+00:00 [clients] round 2/10 [########################] 100.0% microbatches=8/8 clients_done=8/10 clients_started=8/10
2026-10-10T13:24:18.785072+00:00 [clients] round 2/10 [########################] 100.0% microbatches=8/8 clients_done=8/10 clients_started=8/10
2026-10-10T13:24:28.786722+00:00 [clients] round 2/10 [########################] 100.0% microbatches=8/8 clients_done=8/10 clients_started=8/10
2026-10-10T13:24:38.788348+00:00 [clients] round 2/10 [########################] 100.0% microbatches=8/8 clients_done=8/10 clients_started=8/10
2026-10-10T13:24:48.789981+00:00 [clients] round 2/10 [########################] 100.0% microbatches=8/8 clients_done=8/10 clients_started=8/10
2026-10-10T13:24:58.791614+00:00 [clients] round 2/10 [########################] 100.0% microbatches=8/8 clients_done=8/10 clients_started=8/10
2026-10-10T13:25:08.793359+00:00 [clients] round 2/10 [########################] 100.0% microbatches=8/8 clients_done=8/10 clients_started=8/10
2026-10-10T13:25:18.794928+00:00 [clients] round 2/10 [########################] 100.0% microbatches=8/8 clients_done=8/10 clients_started=8/10
2026-10-10T13:25:28.796511+00:00 [clients] round 2/10 [########################] 100.0% microbatches=8/8 clients_done=8/10 clients_started=8/10
2026-10-10T13:25:38.798129+00:00 [clients] round 2/10 [########################] 100.0% microbatches=8/8 clients_done=8/10 clients_started=8/10
2026-10-10T13:25:48.799733+00:00 [clients] round 2/10 [########################] 100.0% microbatches=8/8 clients_done=8/10 clients_started=8/10
2026-10-10T13:25:58.801346+00:00 [clients] round 2/10 [########################] 100.0% microbatches=8/8 clients_done=8/10 clients_started=8/10
2026-10-10T13:26:08.802972+00:00 [clients] round 2/10 [########################] 100.0% microbatches=8/8 clients_done=8/10 clients_started=8/10
2026-10-10T13:26:18.804542+00:00 [clients] round 2/10 [########################] 100.0% microbatches=8/8 clients_done=8/10 clients_started=8/10
2026-10-10T13:26:28.806192+00:00 [clients] round 2/10 [########################] 100.0% microbatches=8/8 clients_done=8/10 clients_started=8/10
2026-10-10T13:26:38.807925+00:00 [clients] round 2/10 [########################] 100.0% microbatches=8/8 clients_done=8/10 clients_started=8/10
2026-10-10T13:26:48.809524+00:00 [clients] round 2/10 [########################] 100.0% microbatches=8/8 clients_done=8/10 clients_started=8/10
2026-10-10T13:26:58.811120+00:00 [clients] round 2/10 [########################] 100.0% microbatches=8/8 clients_done=8/10 clients_started=8/10
2026-10-10T13:27:08.812730+00:00 [clients] round 2/10 [########################] 100.0% microbatches=8/8 clients_done=8/10 clients_started=8/10
2026-10-10T13:27:18.814413+00:00 [clients] round 2/10 [########################] 100.0% microbatches=8/8 clients_done=8/10 clients_started=8/10
2026-10-10T13:27:28.816064+00:00 [clients] round 2/10 [########################] 100.0% microbatches=8/8 clients_done=8/10 clients_started=8/10
2026-10-10T13:27:38.817717+00:00 [clients] round 2/10 [########################] 100.0% microbatches=8/8 clients_done=8/10 clients_started=8/10
2026-10-10T13:27:48.819265+00:00 [clients] round 2/10 [########################] 100.0% microbatches=8/8 clients_done=8/10 clients_started=8/10
2026-10-10T13:27:58.820966+00:00 [clients] round 2/10 [########################] 100.0% microbatches=8/8 clients_done=8/10 clients_started=8/10
2026-10-10T13:28:08.822722+00:00 [clients] round 2/10 [########################] 100.0% microbatches=8/8 clients_done=8/10 clients_started=8/10
2026-10-10T13:28:18.824298+00:00 [clients] round 2/10 [########################] 100.0% microbatches=8/8 clients_done=8/10 clients_started=8/10
2026-10-10T13:28:28.825983+00:00 [clients] round 2/10 [########################] 100.0% microbatches=8/8 clients_done=8/10 clients_started=8/10
2026-10-10T13:28:38.827688+00:00 [clients] round 2/10 [########################] 100.0% microbatches=8/8 clients_done=8/10 clients_started=8/10
2026-10-10T13:28:48.829300+00:00 [clients] round 2/10 [########################] 100.0% microbatches=8/8 clients_done=8/10 clients_started=8/10
2026-10-10T13:28:58.830949+00:00 [clients] round 2/10 [########################] 100.0% microbatches=8/8 clients_done=8/10 clients_started=8/10
2026-10-10T13:29:08.832585+00:00 [clients] round 2/10 [########################] 100.0% microbatches=8/8 clients_done=8/10 clients_started=8/10
2026-10-10T13:29:18.834282+00:00 [clients] round 2/10 [########################] 100.0% microbatches=8/8 clients_done=8/10 clients_started=8/10
2026-10-10T13:29:28.835839+00:00 [clients] round 2/10 [########################] 100.0% microbatches=8/8 clients_done=8/10 clients_started=8/10
2026-10-10T13:29:38.837428+00:00 [clients] round 2/10 [########################] 100.0% microbatches=8/8 clients_done=8/10 clients_started=8/10
2026-10-10T13:29:48.839075+00:00 [clients] round 2/10 [########################] 100.0% microbatches=8/8 clients_done=8/10 clients_started=8/10
2026-10-10T13:29:58.840678+00:00 [clients] round 2/10 [########################] 100.0% microbatches=8/8 clients_done=8/10 clients_started=8/10
2026-10-10T13:30:08.842310+00:00 [clients] round 2/10 [########################] 100.0% microbatches=8/8 clients_done=8/10 clients_started=8/10
2026-10-10T13:30:18.843955+00:00 [clients] round 2/10 [########################] 100.0% microbatches=8/8 clients_done=8/10 clients_started=8/10
2026-10-10T13:30:28.845624+00:00 [clients] round 2/10 [########################] 100.0% microbatches=8/8 clients_done=8/10 clients_started=8/10
2026-10-10T13:30:38.855822+00:00 [clients] round 2/10 [########################] 100.0% microbatches=8/8 clients_done=8/10 clients_started=8/10
2026-10-10T13:30:48.857465+00:00 [clients] round 2/10 [########################] 100.0% microbatches=8/8 clients_done=8/10 clients_started=8/10
2026-10-10T13:30:58.859146+00:00 [clients] round 2/10 [########################] 100.0% microbatches=8/8 clients_done=8/10 clients_started=8/10
2026-10-10T13:31:08.860798+00:00 [clients] round 2/10 [########################] 100.0% microbatches=8/8 clients_done=8/10 clients_started=8/10
2026-10-10T13:31:18.862564+00:00 [clients] round 2/10 [########################] 100.0% microbatches=8/8 clients_done=8/10 clients_started=8/10
2026-10-10T13:31:28.864526+00:00 [clients] round 2/10 [########################] 100.0% microbatches=8/8 clients_done=8/10 clients_started=8/10
2026-10-10T13:31:38.866361+00:00 [clients] round 2/10 [########################] 100.0% microbatches=8/8 clients_done=8/10 clients_started=8/10
2026-10-10T13:31:48.868042+00:00 [clients] round 2/10 [########################] 100.0% microbatches=8/8 clients_done=8/10 clients_started=8/10
2026-10-10T13:31:58.869731+00:00 [clients] round 2/10 [########################] 100.0% microbatches=8/8 clients_done=8/10 clients_started=8/10
2026-10-10T13:32:08.871487+00:00 [clients] round 2/10 [########################] 100.0% microbatches=8/8 clients_done=8/10 clients_started=8/10
2026-10-10T13:32:18.873213+00:00 [clients] round 2/10 [########################] 100.0% microbatches=8/8 clients_done=8/10 clients_started=8/10
2026-10-10T13:32:28.874845+00:00 [clients] round 2/10 [########################] 100.0% microbatches=8/8 clients_done=8/10 clients_started=8/10
2026-10-10T13:32:38.876443+00:00 [clients] round 2/10 [########################] 100.0% microbatches=8/8 clients_done=8/10 clients_started=8/10
2026-10-10T13:32:48.878111+00:00 [clients] round 2/10 [########################] 100.0% microbatches=8/8 clients_done=8/10 clients_started=8/10
2026-10-10T13:32:58.880268+00:00 [clients] round 2/10 [########################] 100.0% microbatches=8/8 clients_done=8/10 clients_started=8/10
2026-10-10T13:33:08.882235+00:00 [clients] round 2/10 [########################] 100.0% microbatches=8/8 clients_done=8/10 clients_started=8/10
2026-10-10T13:33:18.884150+00:00 [clients] round 2/10 [########################] 100.0% microbatches=8/8 clients_done=8/10 clients_started=8/10
2026-10-10T13:33:28.886070+00:00 [clients] round 2/10 [########################] 100.0% microbatches=8/8 clients_done=8/10 clients_started=8/10
2026-10-10T13:33:38.887797+00:00 [clients] round 2/10 [########################] 100.0% microbatches=8/8 clients_done=8/10 clients_started=8/10
2026-10-10T13:33:48.890272+00:00 [clients] round 2/10 [########################] 100.0% microbatches=8/8 clients_done=8/10 clients_started=8/10
2026-10-10T13:33:58.892737+00:00 [clients] round 2/10 [########################] 100.0% microbatches=8/8 clients_done=8/10 clients_started=8/10
2026-10-10T13:34:08.894431+00:00 [clients] round 2/10 [########################] 100.0% microbatches=8/8 clients_done=8/10 clients_started=8/10
2026-10-10T13:34:18.896049+00:00 [clients] round 2/10 [########################] 100.0% microbatches=8/8 clients_done=8/10 clients_started=8/10
2026-10-10T13:34:28.897748+00:00 [clients] round 2/10 [########################] 100.0% microbatches=8/8 clients_done=8/10 clients_started=8/10
2026-10-10T13:34:38.899456+00:00 [clients] round 2/10 [########################] 100.0% microbatches=8/8 clients_done=8/10 clients_started=8/10
2026-10-10T13:34:48.901179+00:00 [clients] round 2/10 [########################] 100.0% microbatches=8/8 clients_done=8/10 clients_started=8/10
2026-10-10T13:34:58.902815+00:00 [clients] round 2/10 [########################] 100.0% microbatches=8/8 clients_done=8/10 clients_started=8/10
2026-10-10T13:35:08.904621+00:00 [clients] round 2/10 [########################] 100.0% microbatches=8/8 clients_done=8/10 clients_started=8/10
2026-10-10T13:35:18.906320+00:00 [clients] round 2/10 [########################] 100.0% microbatches=8/8 clients_done=8/10 clients_started=8/10
2026-10-10T13:35:28.908144+00:00 [clients] round 2/10 [########################] 100.0% microbatches=8/8 clients_done=8/10 clients_started=8/10
2026-10-10T13:35:38.909790+00:00 [clients] round 2/10 [########################] 100.0% microbatches=8/8 clients_done=8/10 clients_started=8/10
2026-10-10T13:35:48.911465+00:00 [clients] round 2/10 [########################] 100.0% microbatches=8/8 clients_done=8/10 clients_started=8/10
2026-10-10T13:35:58.913122+00:00 [clients] round 2/10 [########################] 100.0% microbatches=8/8 clients_done=8/10 clients_started=8/10
2026-10-10T13:36:08.914879+00:00 [clients] round 2/10 [########################] 100.0% microbatches=8/8 clients_done=8/10 clients_started=8/10
2026-10-10T13:36:18.916530+00:00 [clients] round 2/10 [########################] 100.0% microbatches=8/8 clients_done=8/10 clients_started=8/10
2026-10-10T13:36:28.918173+00:00 [clients] round 2/10 [########################] 100.0% microbatches=8/8 clients_done=8/10 clients_started=8/10
2026-10-10T13:36:38.919821+00:00 [clients] round 2/10 [########################] 100.0% microbatches=8/8 clients_done=8/10 clients_started=8/10
2026-10-10T13:36:48.921562+00:00 [clients] round 2/10 [########################] 100.0% microbatches=8/8 clients_done=8/10 clients_started=8/10
2026-10-10T13:36:58.923357+00:00 [clients] round 2/10 [########################] 100.0% microbatches=8/8 clients_done=8/10 clients_started=8/10
2026-10-10T13:37:08.925034+00:00 [clients] round 2/10 [########################] 100.0% microbatches=8/8 clients_done=8/10 clients_started=8/10
2026-10-10T13:37:18.926704+00:00 [clients] round 2/10 [########################] 100.0% microbatches=8/8 clients_done=8/10 clients_started=8/10
2026-10-10T13:37:28.928392+00:00 [clients] round 2/10 [########################] 100.0% microbatches=8/8 clients_done=8/10 clients_started=8/10
2026-10-10T13:37:38.930008+00:00 [clients] round 2/10 [########################] 100.0% microbatches=8/8 clients_done=8/10 clients_started=8/10
2026-10-10T13:37:48.931616+00:00 [clients] round 2/10 [########################] 100.0% microbatches=8/8 clients_done=8/10 clients_started=8/10
2026-10-10T13:37:58.933232+00:00 [clients] round 2/10 [########################] 100.0% microbatches=8/8 clients_done=8/10 clients_started=8/10
2026-10-10T13:38:08.934812+00:00 [clients] round 2/10 [########################] 100.0% microbatches=8/8 clients_done=8/10 clients_started=8/10
2026-10-10T13:38:18.936445+00:00 [clients] round 2/10 [########################] 100.0% microbatches=8/8 clients_done=8/10 clients_started=8/10
2026-10-10T13:38:28.938052+00:00 [clients] round 2/10 [########################] 100.0% microbatches=8/8 clients_done=8/10 clients_started=8/10
2026-10-10T13:38:38.939673+00:00 [clients] round 2/10 [########################] 100.0% microbatches=8/8 clients_done=8/10 clients_started=8/10
2026-10-10T13:38:48.941284+00:00 [clients] round 2/10 [########################] 100.0% microbatches=8/8 clients_done=8/10 clients_started=8/10
2026-10-10T13:38:58.942923+00:00 [clients] round 2/10 [########################] 100.0% microbatches=8/8 clients_done=8/10 clients_started=8/10
2026-10-10T13:39:08.944479+00:00 [clients] round 2/10 [########################] 100.0% microbatches=8/8 clients_done=8/10 clients_started=8/10
2026-10-10T13:39:18.946270+00:00 [clients] round 2/10 [########################] 100.0% microbatches=8/8 clients_done=8/10 clients_started=8/10
2026-10-10T13:39:28.947836+00:00 [clients] round 2/10 [########################] 100.0% microbatches=8/8 clients_done=8/10 clients_started=8/10
2026-10-10T13:39:38.949453+00:00 [clients] round 2/10 [########################] 100.0% microbatches=8/8 clients_done=8/10 clients_started=8/10
2026-10-10T13:39:48.951182+00:00 [clients] round 2/10 [########################] 100.0% microbatches=8/8 clients_done=8/10 clients_started=8/10
2026-10-10T13:39:58.952828+00:00 [clients] round 2/10 [########################] 100.0% microbatches=8/8 clients_done=8/10 clients_started=8/10
2026-10-10T13:40:08.954492+00:00 [clients] round 2/10 [########################] 100.0% microbatches=8/8 clients_done=8/10 clients_started=8/10
2026-10-10T13:40:18.956139+00:00 [clients] round 2/10 [########################] 100.0% microbatches=8/8 clients_done=8/10 clients_started=8/10
2026-10-10T13:40:28.957835+00:00 [clients] round 2/10 [########################] 100.0% microbatches=8/8 clients_done=8/10 clients_started=8/10
2026-10-10T13:40:38.959493+00:00 [clients] round 2/10 [########################] 100.0% microbatches=8/8 clients_done=8/10 clients_started=8/10
2026-10-10T13:40:48.961052+00:00 [clients] round 2/10 [########################] 100.0% microbatches=8/8 clients_done=8/10 clients_started=8/10
2026-10-10T13:40:58.971242+00:00 [clients] round 2/10 [########################] 100.0% microbatches=8/8 clients_done=8/10 clients_started=8/10
2026-10-10T13:41:08.973506+00:00 [clients] round 2/10 [########################] 100.0% microbatches=8/8 clients_done=8/10 clients_started=8/10
2026-10-10T13:41:18.981587+00:00 [clients] round 2/10 [########################] 100.0% microbatches=8/8 clients_done=8/10 clients_started=8/10
2026-10-10T13:41:28.983137+00:00 [clients] round 2/10 [########################] 100.0% microbatches=8/8 clients_done=8/10 clients_started=8/10
2026-10-10T13:41:38.984831+00:00 [clients] round 2/10 [########################] 100.0% microbatches=8/8 clients_done=8/10 clients_started=8/10
